trade_number,asset,direction,ob_creation_time,entry_time,exit_time,entry_price,ob_high,ob_low,sl_price,tp_price,sl_distance_pct,leverage,tp_return_pct,fill_candle,exit_candle,exit_price,outcome,realized_r,starting_capital_gross,gross_pnl_usd,ending_capital_gross,starting_capital_net,notional_size_usd,fees_usd,net_pnl_usd,ending_capital_net,is_ambiguous,sl_bucket,autopsy_narrative,loss_mechanism
1,SOLUSD,SHORT,2026-08-01 00:00:00+00:00,2026-08-01 00:00:00+00:00,2026-08-01 16:00:00+00:00,73.0763,73.497,72.936,73.497,72.4916,0.5758,60.7883,48.6307,"{'dt': '2026-08-01 00:00:00+00:00', 'open': 72.8819, 'high': 73.157, 'low': 72.876, 'close': 73.006}","{'dt': '2026-08-01 16:00:00+00:00', 'open': 72.786, 'high': 72.937, 'low': 72.45, 'close': 72.6954}",72.4916,FILLED_TP,1.3894,10.0,4.863066,14.863066,10.0,607.883244,0.486307,4.376759,14.376759,False,0.50-0.70%,Price expanded in trade direction to hit fixed 0.8% TP (72.49) in candle [72.45 - 72.94].,N/A
2,ETHUSD,LONG,2026-08-01 16:00:00+00:00,2026-08-01 16:00:00+00:00,2026-08-01 17:00:00+00:00,1866.5375,1868.05,1862.0,1862.0,1881.4698,0.2431,143.9753,115.1803,"{'dt': '2026-08-01 16:00:00+00:00', 'open': 1869.15, 'high': 1872.95, 'low': 1865.15, 'close': 1867.95}","{'dt': '2026-08-01 17:00:00+00:00', 'open': 1867.95, 'high': 1869.4, 'low': 1856.25, 'close': 1861.25}",1862.0,FILLED_SL,-1.0,14.863066,-5.202073,9.660993,14.376759,2069.898879,1.655919,-6.687785,7.688974,False,<0.30%,"Filled at 1866.54, moved inside zone for 1 bars, then reversed and breached distal SL at 1862.00.",CONSOLIDATION_REVERSAL
3,ETHUSD,LONG,2026-08-01 17:00:00+00:00,2026-08-01 17:00:00+00:00,2026-08-01 18:00:00+00:00,1858.55,1862.4,1847.0,1847.0,1873.4184,0.6215,56.3197,45.0558,"{'dt': '2026-08-01 17:00:00+00:00', 'open': 1867.95, 'high': 1869.4, 'low': 1856.25, 'close': 1861.25}","{'dt': '2026-08-01 18:00:00+00:00', 'open': 1861.15, 'high': 1862.2, 'low': 1820.8, 'close': 1836.1}",1847.0,FILLED_SL,-1.0,9.660993,-3.381348,6.279645,7.688974,433.040713,0.346433,-3.037574,4.651401,False,0.50-0.70%,"Filled at 1858.55, moved inside zone for 1 bars, then reversed and breached distal SL at 1847.00.",CONSOLIDATION_REVERSAL
4,XRPUSD,LONG,2026-08-03 00:00:00+00:00,2026-08-03 00:00:00+00:00,2026-08-03 01:00:00+00:00,1.0825,1.0843,1.0769,1.0769,1.0911,0.5127,68.2626,54.6101,"{'dt': '2026-08-03 00:00:00+00:00', 'open': 1.0873, 'high': 1.0884, 'low': 1.0803, 'close': 1.0812}","{'dt': '2026-08-03 01:00:00+00:00', 'open': 1.0808, 'high': 1.0819, 'low': 1.0751, 'close': 1.0758}",1.0769,FILLED_SL,-1.0,6.279645,-2.197876,4.081769,4.651401,317.516774,0.254013,-1.882004,2.769397,False,0.50-0.70%,"Filled at 1.08, moved inside zone for 1 bars, then reversed and breached distal SL at 1.08.",CONSOLIDATION_REVERSAL
5,ETHUSD,LONG,2026-08-03 01:00:00+00:00,2026-08-03 02:00:00+00:00,2026-08-03 06:00:00+00:00,1863.675,1868.85,1848.15,1848.15,1878.5844,0.833,42.0152,33.6122,"{'dt': '2026-08-03 02:00:00+00:00', 'open': 1866.4, 'high': 1871.25, 'low': 1861.55, 'close': 1863.5}","{'dt': '2026-08-03 06:00:00+00:00', 'open': 1858.95, 'high': 1860.25, 'low': 1845.45, 'close': 1848.0}",1848.15,FILLED_SL,-1.0,4.081769,-1.428619,2.65315,2.769397,116.356822,0.093085,-1.062374,1.707023,False,0.70-1.00%,"Filled at 1863.67, moved inside zone for 4 bars, then reversed and breached distal SL at 1848.15.",CONSOLIDATION_REVERSAL
6,BTCUSD,LONG,2026-08-03 12:00:00+00:00,2026-08-03 12:00:00+00:00,2026-08-03 13:00:00+00:00,62599.375,62717.5,62245.0,62245.0,63100.17,0.5661,61.8265,49.4612,"{'dt': '2026-08-03 12:00:00+00:00', 'open': 62540.0, 'high': 62776.0, 'low': 62412.0, 'close': 62675.5}","{'dt': '2026-08-03 13:00:00+00:00', 'open': 62675.5, 'high': 63375.0, 'low': 62539.0, 'close': 63323.5}",63100.17,FILLED_TP,1.4132,2.65315,1.312281,3.965431,1.707023,105.539311,0.084431,0.759883,2.466906,False,0.50-0.70%,Price expanded in trade direction to hit fixed 0.8% TP (63100.17) in candle [62539.00 - 63375.00].,N/A
7,SOLUSD,SHORT,2026-08-03 14:00:00+00:00,2026-08-03 17:00:00+00:00,2026-08-04 00:00:00+00:00,73.844,74.348,73.676,74.348,73.2532,0.6825,51.2806,41.0244,"{'dt': '2026-08-03 17:00:00+00:00', 'open': 73.426, 'high': 73.869, 'low': 73.316, 'close': 73.696}","{'dt': '2026-08-04 00:00:00+00:00', 'open': 73.577, 'high': 73.637, 'low': 73.056, 'close': 73.068}",73.2532,FILLED_TP,1.1721,3.965431,1.626796,5.592227,2.466906,126.504296,0.101203,0.910831,3.377737,False,0.50-0.70%,Price expanded in trade direction to hit fixed 0.8% TP (73.25) in candle [73.06 - 73.64].,N/A
8,ETHUSD,LONG,2026-08-04 13:00:00+00:00,2026-08-04 13:00:00+00:00,2026-08-04 13:00:00+00:00,1861.3875,1864.35,1852.5,1852.5,1876.2786,0.4775,73.3036,58.6429,"{'dt': '2026-08-04 13:00:00+00:00', 'open': 1874.2, 'high': 1876.85, 'low': 1859.05, 'close': 1860.95}","{'dt': '2026-08-04 13:00:00+00:00', 'open': 1874.2, 'high': 1876.85, 'low': 1859.05, 'close': 1860.95}",1876.2786,FILLED_TP,1.6755,5.592227,3.279442,8.871669,3.377737,247.60021,0.19808,1.782722,5.160458,False,0.30-0.50%,Price expanded in trade direction to hit fixed 0.8% TP (1876.28) in candle [1859.05 - 1876.85].,N/A
9,SOLUSD,LONG,2026-08-05 00:00:00+00:00,2026-08-05 00:00:00+00:00,2026-08-05 02:00:00+00:00,73.5577,73.708,73.107,73.107,74.1462,0.6128,57.1164,45.6931,"{'dt': '2026-08-05 00:00:00+00:00', 'open': 73.747, 'high': 73.797, 'low': 73.466, 'close': 73.506}","{'dt': '2026-08-05 02:00:00+00:00', 'open': 74.12, 'high': 74.5, 'low': 74.076, 'close': 74.217}",74.1462,FILLED_TP,1.3055,8.871669,4.053742,12.925411,5.160458,294.746737,0.235797,2.122177,7.282635,False,0.50-0.70%,Price expanded in trade direction to hit fixed 0.8% TP (74.15) in candle [74.08 - 74.50].,N/A
10,SOLUSD,LONG,2026-08-05 22:00:00+00:00,2026-08-05 23:00:00+00:00,2026-08-06 09:00:00+00:00,73.9025,74.118,73.256,73.256,74.4937,0.8748,40.0091,32.0073,"{'dt': '2026-08-05 23:00:00+00:00', 'open': 74.0, 'high': 74.1, 'low': 73.847, 'close': 74.016}","{'dt': '2026-08-06 09:00:00+00:00', 'open': 73.997, 'high': 73.997, 'low': 73.172, 'close': 73.286}",73.256,FILLED_SL,-1.0,12.925411,-4.523894,8.401517,7.282635,291.371567,0.233097,-2.782019,4.500615,False,0.70-1.00%,"Filled at 73.90, moved inside zone for 10 bars, then reversed and breached distal SL at 73.26.",CONSOLIDATION_REVERSAL
11,BTCUSD,SHORT,2026-08-06 14:00:00+00:00,2026-08-06 14:00:00+00:00,2026-08-06 23:00:00+00:00,64770.625,64978.0,64701.5,64978.0,64252.46,0.3202,109.3175,87.454,"{'dt': '2026-08-06 14:00:00+00:00', 'open': 64410.5, 'high': 64831.5, 'low': 64338.5, 'close': 64755.0}","{'dt': '2026-08-06 23:00:00+00:00', 'open': 64320.0, 'high': 64340.0, 'low': 64169.5, 'close': 64306.5}",64252.46,FILLED_TP,2.4987,8.401517,7.347464,15.748981,4.500615,491.996058,0.393597,3.542372,8.042987,False,0.30-0.50%,Price expanded in trade direction to hit fixed 0.8% TP (64252.46) in candle [64169.50 - 64340.00].,N/A
12,SOLUSD,SHORT,2026-08-08 08:00:00+00:00,2026-08-08 08:00:00+00:00,2026-08-08 11:00:00+00:00,74.5523,75.318,74.297,75.318,73.9558,1.0271,34.0755,27.2604,"{'dt': '2026-08-08 08:00:00+00:00', 'open': 74.8315, 'high': 74.938, 'low': 74.706, 'close': 74.808}","{'dt': '2026-08-08 11:00:00+00:00', 'open': 75.087, 'high': 75.728, 'low': 75.067, 'close': 75.618}",75.318,FILLED_SL,-1.0,15.748981,-5.512143,10.236838,8.042987,274.06852,0.219255,-3.0343,5.008687,False,1.00-1.50%,"Filled at 74.55, moved inside zone for 3 bars, then reversed and breached distal SL at 75.32.",CONSOLIDATION_REVERSAL
13,BTCUSD,LONG,2026-08-08 18:00:00+00:00,2026-08-08 18:00:00+00:00,2026-08-09 01:00:00+00:00,65012.5,65053.5,64889.5,64889.5,65532.6,0.1892,184.9949,147.9959,"{'dt': '2026-08-08 18:00:00+00:00', 'open': 65092.5, 'high': 65101.5, 'low': 65004.5, 'close': 65022.5}","{'dt': '2026-08-09 01:00:00+00:00', 'open': 64955.0, 'high': 64989.0, 'low': 64824.0, 'close': 64845.0}",64889.5,FILLED_SL,-1.0,10.236838,-3.582893,6.653944,5.008687,926.581583,0.741265,-2.494306,2.514381,False,<0.30%,"Filled at 65012.50, moved inside zone for 7 bars, then reversed and breached distal SL at 64889.50.",CONSOLIDATION_REVERSAL
14,ETHUSD,LONG,2026-08-09 02:00:00+00:00,2026-08-09 02:00:00+00:00,2026-08-09 22:00:00+00:00,1913.3,1914.0,1911.2,1911.2,1928.6064,0.1098,318.8833,255.1067,"{'dt': '2026-08-09 02:00:00+00:00', 'open': 1915.3, 'high': 1916.0, 'low': 1912.6, 'close': 1913.85}","{'dt': '2026-08-09 22:00:00+00:00', 'open': 1924.05, 'high': 1937.6, 'low': 1914.05, 'close': 1918.75}",1928.6064,FILLED_TP,7.2888,6.653944,16.974656,23.6286,2.514381,801.794216,0.641435,5.772918,8.287299,False,<0.30%,Price expanded in trade direction to hit fixed 0.8% TP (1928.61) in candle [1914.05 - 1937.60].,N/A
15,SOLUSD,LONG,2026-08-10 15:00:00+00:00,2026-08-10 15:00:00+00:00,2026-08-10 16:00:00+00:00,76.0219,76.1105,75.756,75.756,76.63,0.3497,100.0758,80.0606,"{'dt': '2026-08-10 15:00:00+00:00', 'open': 76.279, 'high': 76.439, 'low': 75.83, 'close': 75.967}","{'dt': '2026-08-10 16:00:00+00:00', 'open': 75.957, 'high': 76.12, 'low': 75.5917, 'close': 75.707}",75.756,FILLED_SL,-1.0,23.6286,-8.27001,15.35859,8.287299,829.358211,0.663487,-3.564041,4.723258,False,0.30-0.50%,"Filled at 76.02, moved inside zone for 1 bars, then reversed and breached distal SL at 75.76.",CONSOLIDATION_REVERSAL
16,BTCUSD,LONG,2026-08-11 14:00:00+00:00,2026-08-11 14:00:00+00:00,2026-08-11 14:00:00+00:00,63727.75,63825.5,63434.5,63434.5,64237.572,0.4602,76.0604,60.8483,"{'dt': '2026-08-11 14:00:00+00:00', 'open': 64180.0, 'high': 64247.0, 'low': 63690.0, 'close': 63753.5}","{'dt': '2026-08-11 14:00:00+00:00', 'open': 64180.0, 'high': 64247.0, 'low': 63690.0, 'close': 63753.5}",64237.572,FILLED_TP,1.7385,15.35859,9.345444,24.704034,4.723258,359.2529,0.287402,2.586621,7.309879,False,0.30-0.50%,Price expanded in trade direction to hit fixed 0.8% TP (64237.57) in candle [63690.00 - 64247.00].,N/A
17,SOLUSD,SHORT,2026-08-11 20:00:00+00:00,2026-08-11 20:00:00+00:00,2026-08-11 21:00:00+00:00,76.045,76.369,75.937,76.369,75.4366,0.4261,82.1474,65.7179,"{'dt': '2026-08-11 20:00:00+00:00', 'open': 75.688, 'high': 76.284, 'low': 75.647, 'close': 76.048}","{'dt': '2026-08-11 21:00:00+00:00', 'open': 76.048, 'high': 76.451, 'low': 76.007, 'close': 76.449}",76.369,FILLED_SL,-1.0,24.704034,-8.646412,16.057622,7.309879,600.487378,0.48039,-3.038848,4.271031,False,0.30-0.50%,"Filled at 76.05, moved inside zone for 1 bars, then reversed and breached distal SL at 76.37.",CONSOLIDATION_REVERSAL
18,ETHUSD,SHORT,2026-08-12 04:00:00+00:00,2026-08-12 04:00:00+00:00,2026-08-12 09:00:00+00:00,1889.15,1897.25,1886.45,1897.25,1874.0368,0.4288,81.6299,65.304,"{'dt': '2026-08-12 04:00:00+00:00', 'open': 1885.9, 'high': 1892.5, 'low': 1884.55, 'close': 1888.7}","{'dt': '2026-08-12 09:00:00+00:00', 'open': 1890.05, 'high': 1908.95, 'low': 1888.9, 'close': 1905.2}",1897.25,FILLED_SL,-1.0,16.057622,-5.620168,10.437455,4.271031,348.64403,0.278915,-1.773776,2.497255,False,0.30-0.50%,"Filled at 1889.15, moved inside zone for 5 bars, then reversed and breached distal SL at 1897.25.",CONSOLIDATION_REVERSAL
19,SOLUSD,SHORT,2026-08-12 09:00:00+00:00,2026-08-12 09:00:00+00:00,2026-08-12 09:00:00+00:00,76.7885,77.15,76.668,77.15,76.1742,0.4708,74.3457,59.4766,"{'dt': '2026-08-12 09:00:00+00:00', 'open': 76.189, 'high': 76.909, 'low': 76.128, 'close': 76.749}","{'dt': '2026-08-12 09:00:00+00:00', 'open': 76.189, 'high': 76.909, 'low': 76.128, 'close': 76.749}",76.1742,FILLED_TP,1.6993,10.437455,6.20784,16.645294,2.497255,185.660216,0.148528,1.336754,3.834009,False,0.30-0.50%,Price expanded in trade direction to hit fixed 0.8% TP (76.17) in candle [76.13 - 76.91].,N/A
20,BTCUSD,LONG,2026-08-12 13:00:00+00:00,2026-08-12 14:00:00+00:00,2026-08-12 14:00:00+00:00,63759.625,63818.0,63584.5,63584.5,64269.702,0.2747,127.4282,101.9426,"{'dt': '2026-08-12 14:00:00+00:00', 'open': 63811.5, 'high': 63910.0, 'low': 63340.0, 'close': 63351.0}","{'dt': '2026-08-12 14:00:00+00:00', 'open': 63811.5, 'high': 63910.0, 'low': 63340.0, 'close': 63351.0}",63584.5,FILLED_SL,-1.0,16.645294,-5.825853,10.819441,3.834009,488.560948,0.390849,-1.732752,2.101257,False,<0.30%,"Instant penetration blowthrough. Candle entered OB, filled limit order at 63759.62, and pierced distal SL at 63584.50 in the same candle.",INSTANT_BLOWTHROUGH
21,SOLUSD,SHORT,2026-08-13 08:00:00+00:00,2026-08-13 08:00:00+00:00,2026-08-13 10:00:00+00:00,76.3233,76.909,76.128,76.909,75.7127,0.7675,45.605,36.484,"{'dt': '2026-08-13 08:00:00+00:00', 'open': 76.4509, 'high': 76.489, 'low': 76.168, 'close': 76.219}","{'dt': '2026-08-13 10:00:00+00:00', 'open': 76.155, 'high': 76.179, 'low': 75.687, 'close': 75.749}",75.7127,FILLED_TP,1.0424,10.819441,3.947366,14.766808,2.101257,95.827854,0.076662,0.689961,2.791217,False,0.70-1.00%,Price expanded in trade direction to hit fixed 0.8% TP (75.71) in candle [75.69 - 76.18].,N/A
22,SOLUSD,LONG,2026-08-13 11:00:00+00:00,2026-08-13 11:00:00+00:00,2026-08-13 13:00:00+00:00,75.581,75.668,75.32,75.32,76.1856,0.3453,101.3538,81.0831,"{'dt': '2026-08-13 11:00:00+00:00', 'open': 75.748, 'high': 75.748, 'low': 75.55, 'close': 75.658}","{'dt': '2026-08-13 13:00:00+00:00', 'open': 76.1464, 'high': 76.3675, 'low': 76.048, 'close': 76.178}",76.1856,FILLED_TP,2.3167,14.766808,11.97338,26.740188,2.791217,282.900585,0.22632,2.036884,4.828102,False,0.30-0.50%,Price expanded in trade direction to hit fixed 0.8% TP (76.19) in candle [76.05 - 76.37].,N/A
23,SOLUSD,LONG,2026-08-14 23:00:00+00:00,2026-08-14 23:00:00+00:00,2026-08-16 21:00:00+00:00,75.2193,75.419,74.62,74.62,75.821,0.7967,43.9328,35.1462,"{'dt': '2026-08-14 23:00:00+00:00', 'open': 75.168, 'high': 75.418, 'low': 75.147, 'close': 75.388}","{'dt': '2026-08-16 21:00:00+00:00', 'open': 75.017, 'high': 75.08, 'low': 74.043, 'close': 74.318}",74.62,FILLED_SL,-1.0,26.740188,-9.359066,17.381122,4.828102,212.112083,0.16969,-1.859525,2.968576,False,0.70-1.00%,"Filled at 75.22, moved inside zone for 46 bars, then reversed and breached distal SL at 74.62.",CONSOLIDATION_REVERSAL
24,SOLUSD,SHORT,2026-08-17 03:00:00+00:00,2026-08-17 03:00:00+00:00,2026-08-17 06:00:00+00:00,75.556,75.7241,75.5,75.7241,74.9516,0.2225,157.3381,125.8705,"{'dt': '2026-08-17 03:00:00+00:00', 'open': 75.498, 'high': 75.588, 'low': 75.457, 'close': 75.518}","{'dt': '2026-08-17 06:00:00+00:00', 'open': 75.407, 'high': 76.036, 'low': 75.368, 'close': 75.847}",75.7241,FILLED_SL,-1.0,17.381122,-6.083393,11.297729,2.968576,467.070309,0.373656,-1.412658,1.555918,False,<0.30%,"Filled at 75.56, moved inside zone for 3 bars, then reversed and breached distal SL at 75.72.",CONSOLIDATION_REVERSAL
25,SOLUSD,LONG,2026-08-17 19:00:00+00:00,2026-08-17 20:00:00+00:00,2026-08-18 07:00:00+00:00,75.6488,75.8064,75.176,75.176,76.254,0.625,56.0006,44.8005,"{'dt': '2026-08-17 20:00:00+00:00', 'open': 75.787, 'high': 76.109, 'low': 75.625, 'close': 75.998}","{'dt': '2026-08-18 07:00:00+00:00', 'open': 76.018, 'high': 76.269, 'low': 75.937, 'close': 76.084}",76.254,FILLED_TP,1.28,11.297729,5.061436,16.359166,1.555918,87.132354,0.069706,0.627353,2.183271,False,0.50-0.70%,Price expanded in trade direction to hit fixed 0.8% TP (76.25) in candle [75.94 - 76.27].,N/A
26,BTCUSD,LONG,2026-08-19 05:00:00+00:00,2026-08-19 06:00:00+00:00,2026-08-19 12:00:00+00:00,64203.375,64268.5,64008.0,64008.0,64717.002,0.3043,115.0156,92.0125,"{'dt': '2026-08-19 06:00:00+00:00', 'open': 64216.0, 'high': 64328.0, 'low': 64137.5, 'close': 64322.0}","{'dt': '2026-08-19 12:00:00+00:00', 'open': 64485.5, 'high': 64968.5, 'low': 64446.0, 'close': 64863.5}",64717.002,FILLED_TP,2.6289,16.359166,15.05248,31.411645,2.183271,251.110361,0.200888,1.807995,3.991266,False,0.30-0.50%,Price expanded in trade direction to hit fixed 0.8% TP (64717.00) in candle [64446.00 - 64968.50].,N/A
