trade_num,asset,direction,ob_zone,ob_low,ob_high,decision_time_ist,entry_time_ist,exit_time_ist,entry_price,sl_price,tp_price,sl_dist_pct,leverage,actual_sl_risk_pct,tp_ret_pct,outcome,realized_r,loss_mechanism,starting_capital_gross,gross_pnl_usd,ending_capital_gross,starting_capital_net,fees_usd,net_pnl_usd,ending_capital_net,narrative
1,BTCUSD,LONG,"[62245.00, 62717.50]",62245.0,62717.5,2026-08-03 17:30 IST,2026-08-03 17:30 IST,2026-08-03 18:30 IST,62599.375,62245.0,63100.17,0.5661,61.83,35.0,49.46,FILLED_TP,1.4132,N/A,10.0,4.9461,14.9461,10.0,0.4946,4.4515,14.4515,Price expanded to hit +0.80% TP at 63100.17.
2,BTCUSD,SHORT,"[64701.50, 64978.00]",64701.5,64978.0,2026-08-06 19:30 IST,2026-08-06 19:30 IST,2026-08-07 04:30 IST,64770.625,64978.0,64252.46,0.3202,100.0,32.02,80.0,FILLED_TP,2.4987,N/A,14.9461,11.9569,26.903,14.4515,1.1561,10.4051,24.8566,Price expanded to hit +0.80% TP at 64252.46.
3,BTCUSD,LONG,"[64889.50, 65053.50]",64889.5,65053.5,2026-08-08 23:30 IST,2026-08-08 23:30 IST,2026-08-09 06:30 IST,65012.5,64889.5,65532.6,0.1892,100.0,18.92,80.0,FILLED_SL,-1.0,CONSOLIDATION_REVERSAL,26.903,-5.0899,21.8131,24.8566,1.9885,-6.6913,18.1653,"Consolidated for 7 bars, then reversed to breach distal SL at 64889.50."
4,BTCUSD,LONG,"[63434.50, 63825.50]",63434.5,63825.5,2026-08-11 19:30 IST,2026-08-11 19:30 IST,2026-08-11 19:30 IST,63727.75,63434.5,64237.572,0.4602,76.06,35.0,60.85,FILLED_TP,1.7385,N/A,21.8131,13.2729,35.086,18.1653,1.1053,9.948,28.1133,Price expanded to hit +0.80% TP at 64237.57.
5,BTCUSD,LONG,"[63584.50, 63818.00]",63584.5,63818.0,2026-08-12 18:30 IST,2026-08-12 19:30 IST,2026-08-12 19:30 IST,63759.625,63584.5,64269.702,0.2747,100.0,27.47,80.0,FILLED_SL,-1.0,INSTANT_BLOWTHROUGH,35.086,-9.6369,25.4492,28.1133,2.2491,-9.9708,18.1425,Instant penetration blowthrough. Breached distal SL at 63584.50.
6,BTCUSD,LONG,"[63003.50, 63103.50]",63003.5,63103.5,2026-08-16 04:30 IST,2026-08-16 04:30 IST,2026-08-16 06:30 IST,63078.5,63003.5,63583.128,0.1189,100.0,11.89,80.0,FILLED_SL,-1.0,CONSOLIDATION_REVERSAL,25.4492,-3.0259,22.4233,18.1425,1.4514,-3.6085,14.534,"Consolidated for 2 bars, then reversed to breach distal SL at 63003.50."
7,BTCUSD,SHORT,"[62994.50, 63139.00]",62994.5,63139.0,2026-08-16 18:30 IST,2026-08-16 18:30 IST,2026-08-16 21:30 IST,63030.625,63139.0,62526.38,0.1719,100.0,17.19,80.0,FILLED_SL,-1.0,CONSOLIDATION_REVERSAL,22.4233,-3.8555,18.5678,14.534,1.1627,-3.6617,10.8723,"Consolidated for 3 bars, then reversed to breach distal SL at 63139.00."
8,BTCUSD,SHORT,"[63451.50, 63620.00]",63451.5,63620.0,2026-08-17 09:30 IST,2026-08-17 09:30 IST,2026-08-17 11:30 IST,63493.625,63620.0,62985.676,0.199,100.0,19.9,80.0,FILLED_SL,-1.0,CONSOLIDATION_REVERSAL,18.5678,-3.6957,14.8721,10.8723,0.8698,-3.0338,7.8385,"Consolidated for 2 bars, then reversed to breach distal SL at 63620.00."
9,BTCUSD,LONG,"[64008.00, 64268.50]",64008.0,64268.5,2026-08-19 10:30 IST,2026-08-19 11:30 IST,2026-08-19 17:30 IST,64203.375,64008.0,64717.002,0.3043,100.0,30.43,80.0,FILLED_TP,2.6289,N/A,14.8721,11.8977,26.7699,7.8385,0.6271,5.6437,13.4823,Price expanded to hit +0.80% TP at 64717.00.
10,BTCUSD,SHORT,"[77177.00, 77432.00]",77177.0,77432.0,2026-08-23 16:30 IST,2026-08-23 16:30 IST,2026-08-23 18:30 IST,77240.75,77432.0,76622.824,0.2476,100.0,24.76,80.0,FILLED_SL,-1.0,CONSOLIDATION_REVERSAL,26.7699,-6.6283,20.1416,13.4823,1.0786,-4.4168,9.0654,"Consolidated for 2 bars, then reversed to breach distal SL at 77432.00."
11,BTCUSD,SHORT,"[77402.50, 78030.00]",77402.5,78030.0,2026-08-24 07:30 IST,2026-08-24 12:30 IST,2026-08-24 13:30 IST,77559.375,78030.0,76938.9,0.6068,57.68,35.0,46.14,FILLED_TP,1.3184,N/A,20.1416,9.2942,29.4358,9.0654,0.4183,3.7649,12.8303,Price expanded to hit +0.80% TP at 76938.90.
12,BTCUSD,LONG,"[78432.50, 79169.00]",78432.5,79169.0,2026-08-25 14:30 IST,2026-08-25 14:30 IST,2026-08-25 14:30 IST,78984.875,78432.5,79616.754,0.6993,50.05,35.0,40.04,FILLED_TP,1.1439,N/A,29.4358,11.7854,41.2211,12.8303,0.5137,4.6233,17.4536,Price expanded to hit +0.80% TP at 79616.75.
1,ETHUSD,LONG,"[1862.00, 1868.05]",1862.0,1868.05,2026-08-01 21:30 IST,2026-08-01 21:30 IST,2026-08-01 22:30 IST,1866.5375,1862.0,1881.4698,0.2431,100.0,24.31,80.0,FILLED_SL,-1.0,CONSOLIDATION_REVERSAL,10.0,-2.431,7.569,10.0,0.8,-3.231,6.769,"Consolidated for 1 bars, then reversed to breach distal SL at 1862.00."
2,ETHUSD,LONG,"[1847.00, 1862.40]",1847.0,1862.4,2026-08-01 22:30 IST,2026-08-01 22:30 IST,2026-08-01 23:30 IST,1858.55,1847.0,1873.4184,0.6215,56.32,35.0,45.06,FILLED_SL,-1.0,CONSOLIDATION_REVERSAL,7.569,-2.6492,4.9199,6.769,0.305,-2.6741,4.0949,"Consolidated for 1 bars, then reversed to breach distal SL at 1847.00."
3,ETHUSD,LONG,"[1848.15, 1868.85]",1848.15,1868.85,2026-08-03 06:30 IST,2026-08-03 07:30 IST,2026-08-03 11:30 IST,1863.675,1848.15,1878.5844,0.833,42.02,35.0,33.61,FILLED_SL,-1.0,CONSOLIDATION_REVERSAL,4.9199,-1.722,3.1979,4.0949,0.1376,-1.5708,2.524,"Consolidated for 4 bars, then reversed to breach distal SL at 1848.15."
4,ETHUSD,LONG,"[1852.50, 1864.35]",1852.5,1864.35,2026-08-04 18:30 IST,2026-08-04 18:30 IST,2026-08-04 18:30 IST,1861.3875,1852.5,1876.2786,0.4775,73.3,35.0,58.64,FILLED_TP,1.6755,N/A,3.1979,1.8753,5.0733,2.524,0.148,1.3322,3.8562,Price expanded to hit +0.80% TP at 1876.28.
5,ETHUSD,LONG,"[1911.20, 1914.00]",1911.2,1914.0,2026-08-09 07:30 IST,2026-08-09 07:30 IST,2026-08-10 03:30 IST,1913.3,1911.2,1928.6064,0.1098,100.0,10.98,80.0,FILLED_TP,7.2888,N/A,5.0733,4.0586,9.1319,3.8562,0.3085,2.7765,6.6326,Price expanded to hit +0.80% TP at 1928.61.
6,ETHUSD,SHORT,"[1886.45, 1897.25]",1886.45,1897.25,2026-08-12 09:30 IST,2026-08-12 09:30 IST,2026-08-12 14:30 IST,1889.15,1897.25,1874.0368,0.4288,81.63,35.0,65.3,FILLED_SL,-1.0,CONSOLIDATION_REVERSAL,9.1319,-3.1962,5.9357,6.6326,0.4331,-2.7546,3.8781,"Consolidated for 5 bars, then reversed to breach distal SL at 1897.25."
7,ETHUSD,LONG,"[1890.55, 1901.00]",1890.55,1901.0,2026-08-18 06:30 IST,2026-08-18 07:30 IST,2026-08-18 07:30 IST,1898.3875,1890.55,1913.5746,0.4129,84.78,35.0,67.82,FILLED_SL,-1.0,INSTANT_BLOWTHROUGH,5.9357,-2.0775,3.8582,3.8781,0.263,-1.6203,2.2577,Instant penetration blowthrough. Breached distal SL at 1890.55.
8,ETHUSD,SHORT,"[1912.10, 1919.50]",1912.1,1919.5,2026-08-19 11:30 IST,2026-08-19 11:30 IST,2026-08-19 12:30 IST,1913.95,1919.5,1898.6384,0.29,100.0,29.0,80.0,FILLED_SL,-1.0,CONSOLIDATION_REVERSAL,3.8582,-1.1188,2.7394,2.2577,0.1806,-0.8353,1.4224,"Consolidated for 1 bars, then reversed to breach distal SL at 1919.50."
1,SOLUSD,SHORT,"[72.94, 73.50]",72.936,73.497,2026-08-01 05:30 IST,2026-08-01 05:30 IST,2026-08-01 21:30 IST,73.0763,73.497,72.4916,0.5758,60.79,35.0,48.63,FILLED_TP,1.3894,N/A,10.0,4.8631,14.8631,10.0,0.4863,4.3768,14.3768,Price expanded to hit +0.80% TP at 72.49.
2,SOLUSD,LONG,"[72.69, 73.01]",72.6878,73.007,2026-08-03 06:30 IST,2026-08-03 07:30 IST,2026-08-03 08:30 IST,72.9272,72.6878,73.5106,0.3283,100.0,32.83,80.0,FILLED_SL,-1.0,CONSOLIDATION_REVERSAL,14.8631,-4.8791,9.9839,14.3768,1.1501,-5.8696,8.5071,"Consolidated for 1 bars, then reversed to breach distal SL at 72.69."
3,SOLUSD,SHORT,"[73.68, 74.35]",73.676,74.348,2026-08-03 19:30 IST,2026-08-03 22:30 IST,2026-08-04 05:30 IST,73.844,74.348,73.2532,0.6825,51.28,35.0,41.02,FILLED_TP,1.1721,N/A,9.9839,4.0959,14.0798,8.5071,0.349,3.141,11.6481,Price expanded to hit +0.80% TP at 73.25.
4,SOLUSD,LONG,"[73.11, 73.71]",73.107,73.708,2026-08-05 05:30 IST,2026-08-05 05:30 IST,2026-08-05 07:30 IST,73.5577,73.107,74.1462,0.6128,57.12,35.0,45.69,FILLED_TP,1.3055,N/A,14.0798,6.4335,20.5133,11.6481,0.5322,4.7902,16.4383,Price expanded to hit +0.80% TP at 74.15.
5,SOLUSD,LONG,"[73.26, 74.12]",73.256,74.118,2026-08-06 03:30 IST,2026-08-06 04:30 IST,2026-08-06 14:30 IST,73.9025,73.256,74.4937,0.8748,40.01,35.0,32.01,FILLED_SL,-1.0,CONSOLIDATION_REVERSAL,20.5133,-7.1796,13.3336,16.4383,0.5261,-6.2795,10.1587,"Consolidated for 10 bars, then reversed to breach distal SL at 73.26."
6,SOLUSD,SHORT,"[74.30, 75.32]",74.297,75.318,2026-08-08 13:30 IST,2026-08-08 13:30 IST,2026-08-08 16:30 IST,74.5523,75.318,73.9558,1.0271,34.08,35.0,27.26,FILLED_SL,-1.0,CONSOLIDATION_REVERSAL,13.3336,-4.6668,8.6669,10.1587,0.2769,-3.8325,6.3262,"Consolidated for 3 bars, then reversed to breach distal SL at 75.32."
7,SOLUSD,SHORT,"[76.25, 77.08]",76.25,77.081,2026-08-09 01:30 IST,2026-08-09 11:30 IST,2026-08-09 19:30 IST,76.4578,77.081,75.8461,0.8152,42.94,35.0,34.35,FILLED_SL,-1.0,CONSOLIDATION_REVERSAL,8.6669,-3.0334,5.6335,6.3262,0.2173,-2.4315,3.8948,"Consolidated for 8 bars, then reversed to breach distal SL at 77.08."
8,SOLUSD,LONG,"[75.76, 76.11]",75.756,76.1105,2026-08-10 20:30 IST,2026-08-10 20:30 IST,2026-08-10 21:30 IST,76.0219,75.756,76.63,0.3497,100.0,34.97,80.0,FILLED_SL,-1.0,CONSOLIDATION_REVERSAL,5.6335,-1.9702,3.6632,3.8948,0.3116,-1.6737,2.221,"Consolidated for 1 bars, then reversed to breach distal SL at 75.76."
9,SOLUSD,SHORT,"[75.94, 76.37]",75.937,76.369,2026-08-12 01:30 IST,2026-08-12 01:30 IST,2026-08-12 02:30 IST,76.045,76.369,75.4366,0.4261,82.15,35.0,65.72,FILLED_SL,-1.0,CONSOLIDATION_REVERSAL,3.6632,-1.2821,2.3811,2.221,0.146,-0.9233,1.2977,"Consolidated for 1 bars, then reversed to breach distal SL at 76.37."
10,SOLUSD,SHORT,"[76.67, 77.15]",76.668,77.15,2026-08-12 14:30 IST,2026-08-12 14:30 IST,2026-08-12 14:30 IST,76.7885,77.15,76.1742,0.4708,74.35,35.0,59.48,FILLED_TP,1.6993,N/A,2.3811,1.4162,3.7973,1.2977,0.0772,0.6947,1.9924,Price expanded to hit +0.80% TP at 76.17.
11,SOLUSD,LONG,"[75.95, 76.29]",75.946,76.289,2026-08-12 18:30 IST,2026-08-12 18:30 IST,2026-08-12 19:30 IST,76.2032,75.946,76.8129,0.3376,100.0,33.76,80.0,FILLED_SL,-1.0,CONSOLIDATION_REVERSAL,3.7973,-1.2819,2.5154,1.9924,0.1594,-0.832,1.1604,"Consolidated for 1 bars, then reversed to breach distal SL at 75.95."
12,SOLUSD,SHORT,"[76.13, 76.91]",76.128,76.909,2026-08-13 13:30 IST,2026-08-13 13:30 IST,2026-08-13 15:30 IST,76.3233,76.909,75.7127,0.7675,45.61,35.0,36.48,FILLED_TP,1.0424,N/A,2.5154,0.9177,3.4331,1.1604,0.0423,0.381,1.5414,Price expanded to hit +0.80% TP at 75.71.
13,SOLUSD,LONG,"[75.32, 75.67]",75.32,75.668,2026-08-13 16:30 IST,2026-08-13 16:30 IST,2026-08-13 18:30 IST,75.581,75.32,76.1856,0.3453,100.0,34.53,80.0,FILLED_TP,2.3167,N/A,3.4331,2.7465,6.1796,1.5414,0.1233,1.1098,2.6512,Price expanded to hit +0.80% TP at 76.19.
14,SOLUSD,LONG,"[74.62, 75.42]",74.62,75.419,2026-08-15 04:30 IST,2026-08-15 04:30 IST,2026-08-17 02:30 IST,75.2193,74.62,75.821,0.7967,43.93,35.0,35.15,FILLED_SL,-1.0,CONSOLIDATION_REVERSAL,6.1796,-2.1629,4.0167,2.6512,0.0932,-1.0211,1.6301,"Consolidated for 46 bars, then reversed to breach distal SL at 74.62."
15,SOLUSD,SHORT,"[75.50, 75.72]",75.5,75.7241,2026-08-17 08:30 IST,2026-08-17 08:30 IST,2026-08-17 11:30 IST,75.556,75.7241,74.9516,0.2225,100.0,22.25,80.0,FILLED_SL,-1.0,CONSOLIDATION_REVERSAL,4.0167,-0.8935,3.1232,1.6301,0.1304,-0.493,1.1371,"Consolidated for 3 bars, then reversed to breach distal SL at 75.72."
16,SOLUSD,LONG,"[75.18, 75.81]",75.176,75.8064,2026-08-18 00:30 IST,2026-08-18 01:30 IST,2026-08-18 12:30 IST,75.6488,75.176,76.254,0.625,56.0,35.0,44.8,FILLED_TP,1.28,N/A,3.1232,1.3992,4.5224,1.1371,0.0509,0.4585,1.5956,Price expanded to hit +0.80% TP at 76.25.
17,SOLUSD,LONG,"[94.81, 96.22]",94.807,96.219,2026-08-26 14:30 IST,2026-08-26 14:30 IST,2026-08-26 14:30 IST,95.866,94.807,96.6329,1.1047,31.68,35.0,25.35,FILLED_TP,0.7242,N/A,4.5224,1.1463,5.6687,1.5956,0.0404,0.364,1.9595,Price expanded to hit +0.80% TP at 96.63.
1,XRPUSD,LONG,"[1.08, 1.08]",1.0769,1.0843,2026-08-03 05:30 IST,2026-08-03 05:30 IST,2026-08-03 06:30 IST,1.0825,1.0769,1.0911,0.5127,68.26,35.0,54.61,FILLED_SL,-1.0,CONSOLIDATION_REVERSAL,10.0,-3.5,6.5,10.0,0.5461,-4.0461,5.9539,"Consolidated for 1 bars, then reversed to breach distal SL at 1.08."
2,XRPUSD,LONG,"[1.00, 1.00]",1.0001,1.0032,2026-08-16 04:30 IST,2026-08-16 04:30 IST,2026-08-16 10:30 IST,1.0024,1.0001,1.0104,0.2319,100.0,23.19,80.0,FILLED_SL,-1.0,CONSOLIDATION_REVERSAL,6.5,-1.5076,4.9924,5.9539,0.4763,-1.8572,4.0967,"Consolidated for 6 bars, then reversed to breach distal SL at 1.00."
3,XRPUSD,SHORT,"[1.48, 1.50]",1.475,1.5046,2026-08-24 14:30 IST,2026-08-24 14:30 IST,2026-08-24 14:30 IST,1.4824,1.5046,1.4705,1.4976,23.37,35.0,18.7,FILLED_TP,0.5342,N/A,4.9924,0.9334,5.9258,4.0967,0.0766,0.6894,4.786,Price expanded to hit +0.80% TP at 1.47.
4,XRPUSD,SHORT,"[1.51, 1.53]",1.5115,1.5323,2026-08-24 17:30 IST,2026-08-24 17:30 IST,2026-08-24 17:30 IST,1.5167,1.5323,1.5046,1.0285,34.03,35.0,27.22,FILLED_TP,0.7778,N/A,5.9258,1.6132,7.539,4.786,0.1303,1.1726,5.9586,Price expanded to hit +0.80% TP at 1.50.
