trade_id,asset,direction,bos_time,ob_formation_time,displacement_confirmed_time,retest_time,entry_time,exit_time,bos_time_ist,ob_formation_time_ist,displacement_confirmed_time_ist,retest_time_ist,entry_time_ist,exit_time_ist,ob_high,ob_low,ob_width,ob_width_pct,proximal,distal,entry_price,sl_price,tp_price,entry_to_sl_distance_pct,theoretical_leverage,leverage,displacement_mode,displacement_threshold_value,mfe_from_proximal,mfe_pct,mfe_ob_width_multiples,candles_fully_outside_ob,pre_displacement_touches,entry_bar_from_bos,ob_age_at_entry_hours,retest_number,gross_sl_return_pct,gross_tp_return_pct,fees_usd,net_return_pct,starting_capital,position_notional,gross_pnl_usd,pnl_usd,ending_capital,outcome,reason_for_exit,is_ambiguous,holding_bars,holding_time_hours,realized_r,cumulative_realized_r,data_timeframe,trade_narrative
1,BTCUSD,SHORT,2024-06-19 06:00:00+00:00,2024-06-18 05:00:00+00:00,2024-06-19 07:00:00+00:00,2024-06-20 06:00:00+00:00,2024-06-20 06:00:00+00:00,2024-06-20 07:00:00+00:00,2024-06-19 11:30:00 IST,2024-06-18 10:30:00 IST,2024-06-19 12:30:00 IST,2024-06-20 11:30:00 IST,2024-06-20 11:30:00 IST,2024-06-20 12:30:00 IST,65851.0,65561.0,290.0,0.4418,65561.0,65851.0,65633.5,65851.0,65239.699,0.3314,105.62,100.0,A,1.0,376.0,0.5735,1.2966,0,1,24,24.0,1,33.14,60.0,0.8,-41.14,10.0,1000.0,-3.3138564909687886,-4.1138564909687885,5.8861435090312115,FILLED_SL,SL_HIT,False,1,1.0,-1.0,-1.0,1h,Distal SL breached at 65851.000000.
2,BTCUSD,SHORT,2024-06-28 09:00:00+00:00,2024-06-28 01:00:00+00:00,2024-06-28 15:00:00+00:00,2024-06-30 07:00:00+00:00,2024-06-30 07:00:00+00:00,2024-06-30 20:00:00+00:00,2024-06-28 14:30:00 IST,2024-06-28 06:30:00 IST,2024-06-28 20:30:00 IST,2024-06-30 12:30:00 IST,2024-06-30 12:30:00 IST,2024-07-01 01:30:00 IST,62212.5,61495.5,717.0,1.1626,61495.5,62212.5,61674.75,62212.5,61304.7015,0.8719,40.14,40.14,A,1.0,755.0,1.2277,1.053,1,3,46,46.0,1,35.0,24.08,0.18902352436525222,-38.21,5.8861435090312115,236.27940545656526,-2.060150228160924,-2.2491737525261764,3.636969756505035,FILLED_SL,SL_HIT,False,13,13.0,-1.0,-2.0,1h,Distal SL breached at 62212.500000.
3,BTCUSD,SHORT,2024-07-06 23:00:00+00:00,2024-07-04 19:00:00+00:00,2024-07-07 04:00:00+00:00,2024-07-09 18:00:00+00:00,2024-07-09 18:00:00+00:00,2024-07-09 19:00:00+00:00,2024-07-07 04:30:00 IST,2024-07-05 00:30:00 IST,2024-07-07 09:30:00 IST,2024-07-09 23:30:00 IST,2024-07-09 23:30:00 IST,2024-07-10 00:30:00 IST,58666.5,58149.0,517.5,0.888,58149.0,58666.5,58278.375,58666.5,57928.70475,0.666,52.55,52.55,A,1.0,575.0,0.9888,1.1111,1,4,67,67.0,1,35.0,31.53,0.15290917218244784,27.33,3.636969756505035,191.1364652280598,1.1468187913683587,0.9939096191859109,4.630879375690946,FILLED_TP,TP_HIT,False,1,1.0,0.9009,-1.0991,1h,Fixed +0.60% TP reached at 57928.704750.
4,BTCUSD,LONG,2024-07-10 00:00:00+00:00,2024-07-09 15:00:00+00:00,2024-07-10 03:00:00+00:00,2024-07-10 20:00:00+00:00,2024-07-10 20:00:00+00:00,2024-07-10 22:00:00+00:00,2024-07-10 05:30:00 IST,2024-07-09 20:30:00 IST,2024-07-10 08:30:00 IST,2024-07-11 01:30:00 IST,2024-07-11 01:30:00 IST,2024-07-11 03:30:00 IST,57500.5,56901.0,599.5,1.0453,57500.5,56901.0,57350.625,56901.0,57694.72875,0.784,44.64,44.64,A,1.0,713.0,1.24,1.1893,2,1,20,20.0,1,35.0,26.79,0.1653899836947144,23.21,4.630879375690946,206.73747961839297,1.240424877710358,1.0750348940156436,5.705914269706589,FILLED_TP,TP_HIT,False,2,2.0,0.7653,-0.3338,1h,Fixed +0.60% TP reached at 57694.728750.
5,BTCUSD,SHORT,2024-06-17 18:00:00+00:00,2024-06-14 13:00:00+00:00,2024-06-17 20:00:00+00:00,2024-07-19 19:00:00+00:00,2024-07-19 19:00:00+00:00,2024-07-19 22:00:00+00:00,2024-06-17 23:30:00 IST,2024-06-14 18:30:00 IST,2024-06-18 01:30:00 IST,2024-07-20 00:30:00 IST,2024-07-20 00:30:00 IST,2024-07-20 03:30:00 IST,67392.0,66969.0,423.0,0.6306,66969.0,67392.0,67074.75,67392.0,66672.3015,0.473,74.0,74.0,A,1.0,787.0,1.1752,1.8605,1,1,769,769.0,1,35.0,44.4,0.33778526866937936,38.48,5.705914269706589,422.23158583672415,2.533389515020345,2.1956042463509657,7.901518516057555,FILLED_TP,TP_HIT,False,3,3.0,1.2686,0.9348,1h,Fixed +0.60% TP reached at 66672.301500.
6,BTCUSD,LONG,2024-07-27 10:00:00+00:00,2024-07-26 21:00:00+00:00,2024-07-27 13:00:00+00:00,2024-07-27 19:00:00+00:00,2024-07-27 19:00:00+00:00,2024-07-27 20:00:00+00:00,2024-07-27 15:30:00 IST,2024-07-27 02:30:00 IST,2024-07-27 18:30:00 IST,2024-07-28 00:30:00 IST,2024-07-28 00:30:00 IST,2024-07-28 01:30:00 IST,68223.5,67427.0,796.5,1.1709,68223.5,67427.0,68024.375,67427.0,68432.52125,0.8782,39.86,39.86,A,1.0,1171.5,1.7172,1.4708,1,1,9,9.0,1,35.0,23.91,0.2519336102274249,-38.19,7.901518516057555,314.9170127842811,-2.7655314806201443,-3.017465090847569,4.884053425209986,FILLED_SL,DUAL_TOUCH_CONSERVATIVE_SL,True,1,1.0,-1.0,-0.0652,1h,Dual-touch: both TP and SL hit same candle. Conservative SL-first applied.
7,BTCUSD,SHORT,2024-06-12 16:00:00+00:00,2024-06-10 15:00:00+00:00,2024-06-12 18:00:00+00:00,2024-07-29 03:00:00+00:00,2024-07-29 03:00:00+00:00,2024-07-29 04:00:00+00:00,2024-06-12 21:30:00 IST,2024-06-10 20:30:00 IST,2024-06-12 23:30:00 IST,2024-07-29 08:30:00 IST,2024-07-29 08:30:00 IST,2024-07-29 09:30:00 IST,70198.0,69627.0,571.0,0.8184,69627.0,70198.0,69769.75,70198.0,69351.1315,0.6138,57.02,57.02,A,1.0,1033.5,1.4843,1.81,0,2,1115,1115.0,1,35.0,34.21,0.22279643248054282,29.65,4.884053425209986,278.4955406006785,1.6709732436040707,1.448176811123528,6.332230236333514,FILLED_TP,TP_HIT,False,1,1.0,0.9775,0.9123,1h,Fixed +0.60% TP reached at 69351.131500.
8,BTCUSD,LONG,2024-08-18 03:00:00+00:00,2024-08-17 21:00:00+00:00,2024-08-18 09:00:00+00:00,2024-08-18 21:00:00+00:00,2024-08-18 21:00:00+00:00,2024-08-18 23:00:00+00:00,2024-08-18 08:30:00 IST,2024-08-18 02:30:00 IST,2024-08-18 14:30:00 IST,2024-08-19 02:30:00 IST,2024-08-19 02:30:00 IST,2024-08-19 04:30:00 IST,59431.0,59146.0,285.0,0.4801,59431.0,59146.0,59359.75,59146.0,59715.9085,0.3601,97.2,97.2,A,1.0,692.5,1.1652,2.4298,3,1,18,18.0,1,35.0,58.32,0.4923802996768914,-42.78,6.332230236333514,615.4753745961142,-2.21628058271673,-2.7086608823936213,3.6235693539398923,FILLED_SL,SL_HIT,False,2,2.0,-1.0,-0.0877,1h,Distal SL breached at 59146.000000.
9,BTCUSD,SHORT,2024-08-13 21:00:00+00:00,2024-08-11 09:00:00+00:00,2024-08-14 13:00:00+00:00,2024-08-20 05:00:00+00:00,2024-08-20 05:00:00+00:00,2024-08-20 07:00:00+00:00,2024-08-14 02:30:00 IST,2024-08-11 14:30:00 IST,2024-08-14 18:30:00 IST,2024-08-20 10:30:00 IST,2024-08-20 10:30:00 IST,2024-08-20 12:30:00 IST,61829.5,61001.5,828.0,1.3528,61001.5,61829.5,61208.5,61829.5,60841.249,1.0146,34.5,34.5,A,1.0,1538.0,2.5212,1.8575,8,4,152,152.0,1,35.0,20.7,0.10000339540125021,17.94,3.6235693539398923,125.00424425156275,0.7500254655093765,0.6500220701081263,4.273591424048019,FILLED_TP,TP_HIT,False,2,2.0,0.5914,0.5037,1h,Fixed +0.60% TP reached at 60841.249000.
10,BTCUSD,SHORT,2024-08-20 09:00:00+00:00,2024-08-14 12:00:00+00:00,2024-08-20 14:00:00+00:00,2024-08-21 19:00:00+00:00,2024-08-21 19:00:00+00:00,2024-08-21 20:00:00+00:00,2024-08-20 14:30:00 IST,2024-08-14 17:30:00 IST,2024-08-20 19:30:00 IST,2024-08-22 00:30:00 IST,2024-08-22 00:30:00 IST,2024-08-22 01:30:00 IST,61724.0,60830.5,893.5,1.4635,60830.5,61724.0,61053.875,61724.0,60687.55175,1.0976,31.89,31.89,A,1.0,1380.5,2.2694,1.545,2,0,34,34.0,1,35.0,19.13,0.10902056877354513,-37.55,4.273591424048019,136.2757109669314,-1.4957569984168064,-1.6047775671903515,2.668813856857667,FILLED_SL,SL_HIT,False,1,1.0,-1.0,-0.4963,1h,Distal SL breached at 61724.000000.
11,BTCUSD,SHORT,2024-08-30 18:00:00+00:00,2024-08-30 12:00:00+00:00,2024-08-30 19:00:00+00:00,2024-09-03 02:00:00+00:00,2024-09-03 02:00:00+00:00,2024-09-03 03:00:00+00:00,2024-08-30 23:30:00 IST,2024-08-30 17:30:00 IST,2024-08-31 00:30:00 IST,2024-09-03 07:30:00 IST,2024-09-03 07:30:00 IST,2024-09-03 08:30:00 IST,59939.5,59364.0,575.5,0.9671,59364.0,59939.5,59507.875,59939.5,59150.82775,0.7253,48.25,48.25,A,1.0,670.5,1.1295,1.1651,1,0,80,80.0,1,35.0,28.95,0.10302536597695477,25.09,2.668813856857667,128.78170747119347,0.7726902448271609,0.6696648788502061,3.338478735707873,FILLED_TP,TP_HIT,False,1,1.0,0.8272,0.3309,1h,Fixed +0.60% TP reached at 59150.827750.
12,BTCUSD,SHORT,2024-09-05 17:00:00+00:00,2024-09-05 14:00:00+00:00,2024-09-06 07:00:00+00:00,2024-09-06 12:00:00+00:00,2024-09-06 12:00:00+00:00,2024-09-06 13:00:00+00:00,2024-09-05 22:30:00 IST,2024-09-05 19:30:00 IST,2024-09-06 12:30:00 IST,2024-09-06 17:30:00 IST,2024-09-06 17:30:00 IST,2024-09-06 18:30:00 IST,57325.0,56472.5,852.5,1.5039,56472.5,57325.0,56685.625,57325.0,56345.51125,1.1279,31.03,31.03,A,1.0,1198.5,2.1223,1.4059,6,4,19,19.0,1,35.0,18.62,0.08287507492658765,16.14,3.338478735707873,103.59384365823455,0.6215630619494072,0.5386879870228196,3.877166722730693,FILLED_TP,TP_HIT,False,1,1.0,0.5319,0.8628,1h,Fixed +0.60% TP reached at 56345.511250.
13,BTCUSD,LONG,2024-08-07 18:00:00+00:00,2024-08-06 13:00:00+00:00,2024-08-08 01:00:00+00:00,2024-09-06 14:00:00+00:00,2024-09-06 14:00:00+00:00,2024-09-06 15:00:00+00:00,2024-08-07 23:30:00 IST,2024-08-06 18:30:00 IST,2024-08-08 06:30:00 IST,2024-09-06 19:30:00 IST,2024-09-06 19:30:00 IST,2024-09-06 20:30:00 IST,55409.5,54399.5,1010.0,1.8311,55409.5,54399.5,55157.0,54399.5,55487.942,1.3734,25.49,25.49,A,1.0,2038.0,3.6781,2.0178,0,6,716,716.0,1,35.0,15.29,0.07904793106162894,-37.04,3.877166722730693,98.80991382703617,-1.3570083529557424,-1.4360562840173714,2.441110438713322,FILLED_SL,SL_HIT,False,1,1.0,-1.0,-0.1372,1h,Distal SL breached at 54399.500000.
14,BTCUSD,LONG,2024-09-13 03:00:00+00:00,2024-09-12 13:00:00+00:00,2024-09-13 14:00:00+00:00,2024-09-16 14:00:00+00:00,2024-09-16 14:00:00+00:00,2024-09-16 17:00:00+00:00,2024-09-13 08:30:00 IST,2024-09-12 18:30:00 IST,2024-09-13 19:30:00 IST,2024-09-16 19:30:00 IST,2024-09-16 19:30:00 IST,2024-09-16 22:30:00 IST,57866.5,57331.0,535.5,0.9276,57866.5,57331.0,57732.625,57331.0,58079.02075,0.6957,50.31,50.31,A,1.0,679.5,1.1743,1.2689,3,3,83,83.0,1,35.0,30.19,0.09825304647795848,26.16,2.441110438713322,122.81630809744809,0.7368978485846885,0.63864480210673,3.079755240820052,FILLED_TP,TP_HIT,False,3,3.0,0.8625,0.7253,1h,Fixed +0.60% TP reached at 58079.020750.
15,BTCUSD,SHORT,2024-09-25 03:00:00+00:00,2024-08-25 23:00:00+00:00,2024-09-25 13:00:00+00:00,2024-09-26 10:00:00+00:00,2024-09-26 10:00:00+00:00,2024-09-26 14:00:00+00:00,2024-09-25 08:30:00 IST,2024-08-26 04:30:00 IST,2024-09-25 18:30:00 IST,2024-09-26 15:30:00 IST,2024-09-26 15:30:00 IST,2024-09-26 19:30:00 IST,65062.0,64193.0,869.0,1.3492,64193.0,65062.0,64410.25,65062.0,64023.7885,1.0119,34.59,34.59,A,1.0,882.5,1.3748,1.0155,8,1,31,31.0,1,35.0,20.75,0.08522130479479606,-37.77,3.079755240820052,106.52663099349506,-1.077914334287018,-1.1631356390818142,1.9166196017382378,FILLED_SL,SL_HIT,False,4,4.0,-1.0,-0.2747,1h,Distal SL breached at 65062.000000.
16,BTCUSD,SHORT,2024-11-12 20:00:00+00:00,2024-11-12 07:00:00+00:00,2024-11-12 22:00:00+00:00,2024-11-13 13:00:00+00:00,2024-11-13 13:00:00+00:00,2024-11-13 14:00:00+00:00,2024-11-13 01:30:00 IST,2024-11-12 12:30:00 IST,2024-11-13 03:30:00 IST,2024-11-13 18:30:00 IST,2024-11-13 18:30:00 IST,2024-11-13 19:30:00 IST,90026.0,89076.0,950.0,1.0637,89076.0,90026.0,89313.5,90026.0,88777.619,0.7978,43.87,43.87,A,1.0,1437.0,1.6132,1.5126,1,1,17,17.0,1,35.0,26.32,0.06727073872836135,-38.51,1.9166196017382378,84.0884234104517,-0.6708168606083832,-0.7380875993367445,1.1785320024014934,FILLED_SL,DUAL_TOUCH_CONSERVATIVE_SL,True,1,1.0,-1.0,-1.2747,1h,Dual-touch: both TP and SL hit same candle. Conservative SL-first applied.
17,BTCUSD,SHORT,2024-11-16 18:00:00+00:00,2024-11-16 05:00:00+00:00,2024-11-16 22:00:00+00:00,2024-11-17 09:00:00+00:00,2024-11-17 09:00:00+00:00,2024-11-17 11:00:00+00:00,2024-11-16 23:30:00 IST,2024-11-16 10:30:00 IST,2024-11-17 03:30:00 IST,2024-11-17 14:30:00 IST,2024-11-17 14:30:00 IST,2024-11-17 16:30:00 IST,91851.0,91198.5,652.5,0.7142,91198.5,91851.0,91361.625,91851.0,90813.45525,0.5356,65.34,65.34,A,1.0,841.0,0.9222,1.2889,2,1,15,15.0,1,35.0,39.2,0.06160577814374093,33.98,1.1785320024014934,77.00722267967616,0.462043336078057,0.40043755793431607,1.5789695603358094,FILLED_TP,TP_HIT,False,2,2.0,1.1201,-0.1545,1h,Fixed +0.60% TP reached at 90813.455250.
18,BTCUSD,LONG,2024-11-18 18:00:00+00:00,2024-11-18 13:00:00+00:00,2024-11-18 20:00:00+00:00,2024-11-18 23:00:00+00:00,2024-11-18 23:00:00+00:00,2024-11-19 00:00:00+00:00,2024-11-18 23:30:00 IST,2024-11-18 18:30:00 IST,2024-11-19 01:30:00 IST,2024-11-19 04:30:00 IST,2024-11-19 04:30:00 IST,2024-11-19 05:30:00 IST,90639.0,89419.5,1219.5,1.35,90639.0,89419.5,90334.125,89419.5,90876.12975,1.0125,34.57,34.57,A,1.0,1361.5,1.5021,1.1164,0,1,5,5.0,1,35.0,20.74,0.043665713727133654,17.98,1.5789695603358094,54.582142158917065,0.3274928529535024,0.2838271392263687,1.862796699562178,FILLED_TP,TP_HIT,False,1,1.0,0.5926,0.4381,1h,Fixed +0.60% TP reached at 90876.129750.
19,BTCUSD,LONG,2024-11-19 13:00:00+00:00,2024-11-18 23:00:00+00:00,2024-11-19 14:00:00+00:00,2024-11-26 20:00:00+00:00,2024-11-26 20:00:00+00:00,2024-11-26 21:00:00+00:00,2024-11-19 18:30:00 IST,2024-11-19 04:30:00 IST,2024-11-19 19:30:00 IST,2024-11-27 01:30:00 IST,2024-11-27 01:30:00 IST,2024-11-27 02:30:00 IST,91297.5,90280.5,1017.0,1.1171,91297.5,90280.5,91043.25,90280.5,91589.5095,0.8378,41.78,41.78,A,1.0,1102.5,1.2076,1.0841,0,1,175,175.0,1,35.0,25.07,0.06225712012176466,21.72,1.862796699562178,77.82140015220583,0.4669284009132349,0.40467128079147024,2.2674679803536484,FILLED_TP,TP_HIT,False,1,1.0,0.7162,1.1542,1h,Fixed +0.60% TP reached at 91589.509500.
20,BTCUSD,SHORT,2024-11-30 15:00:00+00:00,2024-11-30 06:00:00+00:00,2024-12-01 02:00:00+00:00,2024-12-01 08:00:00+00:00,2024-12-01 08:00:00+00:00,2024-12-01 13:00:00+00:00,2024-11-30 20:30:00 IST,2024-11-30 11:30:00 IST,2024-12-01 07:30:00 IST,2024-12-01 13:30:00 IST,2024-12-01 13:30:00 IST,2024-12-01 18:30:00 IST,97300.0,96654.5,645.5,0.6667,96654.5,97300.0,96815.875,97300.0,96234.97975,0.5,69.99,69.99,A,1.0,910.5,0.942,1.4105,2,7,17,17.0,1,35.0,42.0,0.1269662401955651,-40.6,2.2674679803536484,158.70780024445637,-0.7936137931237769,-0.920580033319342,1.3468879470343063,FILLED_SL,SL_HIT,False,5,5.0,-1.0,0.1542,1h,Distal SL breached at 97300.000000.
21,BTCUSD,LONG,2024-11-30 10:00:00+00:00,2024-11-29 07:00:00+00:00,2024-12-01 13:00:00+00:00,2024-12-02 04:00:00+00:00,2024-12-02 04:00:00+00:00,2024-12-02 05:00:00+00:00,2024-11-30 15:30:00 IST,2024-11-29 12:30:00 IST,2024-12-01 18:30:00 IST,2024-12-02 09:30:00 IST,2024-12-02 09:30:00 IST,2024-12-02 10:30:00 IST,96479.0,95667.5,811.5,0.8429,96479.0,95667.5,96276.125,95667.5,96853.78175,0.6322,55.37,55.37,A,1.0,990.5,1.0266,1.2206,11,5,42,42.0,1,35.0,33.22,0.05965657450467383,28.79,1.3468879470343063,74.57071813084228,0.4474243087850536,0.3877677342803798,1.734655681314686,FILLED_TP,TP_HIT,False,1,1.0,0.9491,1.1034,1h,Fixed +0.60% TP reached at 96853.781750.
22,BTCUSD,LONG,2024-12-30 21:00:00+00:00,2024-12-30 15:00:00+00:00,2024-12-31 08:00:00+00:00,2025-01-09 13:00:00+00:00,2025-01-09 13:00:00+00:00,2025-01-09 14:00:00+00:00,2024-12-31 02:30:00 IST,2024-12-30 20:30:00 IST,2024-12-31 13:30:00 IST,2025-01-09 18:30:00 IST,2025-01-09 18:30:00 IST,2025-01-09 19:30:00 IST,92444.5,91509.0,935.5,1.0145,92444.5,91509.0,92210.625,91509.0,92763.88875,0.7609,46.0,46.0,A,1.0,2293.5,2.4809,2.4516,3,3,232,232.0,1,35.0,27.6,0.063833289391729,23.92,1.734655681314686,79.79161173966123,0.47874967043796735,0.41491638104623835,2.1495720623609245,FILLED_TP,TP_HIT,False,1,1.0,0.7885,1.8919,1h,Fixed +0.60% TP reached at 92763.888750.
23,BTCUSD,SHORT,2025-01-08 22:00:00+00:00,2025-01-08 14:00:00+00:00,2025-01-09 02:00:00+00:00,2025-01-10 10:00:00+00:00,2025-01-10 10:00:00+00:00,2025-01-10 13:00:00+00:00,2025-01-09 03:30:00 IST,2025-01-08 19:30:00 IST,2025-01-09 07:30:00 IST,2025-01-10 15:30:00 IST,2025-01-10 15:30:00 IST,2025-01-10 18:30:00 IST,95845.0,94854.0,991.0,1.042,94854.0,95845.0,95101.75,95845.0,94531.1395,0.7815,44.78,44.78,A,1.0,1444.5,1.5229,1.4576,0,3,36,36.0,1,35.0,26.87,0.07701292723425127,23.29,2.1495720623609245,96.26615904281408,0.5775969542568845,0.5005840270226333,2.650156089383558,FILLED_TP,TP_HIT,False,3,3.0,0.7677,2.6596,1h,Fixed +0.60% TP reached at 94531.139500.
24,BTCUSD,LONG,2025-01-12 22:00:00+00:00,2025-01-12 09:00:00+00:00,2025-01-13 00:00:00+00:00,2025-01-13 01:00:00+00:00,2025-01-13 01:00:00+00:00,2025-01-13 04:00:00+00:00,2025-01-13 03:30:00 IST,2025-01-12 14:30:00 IST,2025-01-13 05:30:00 IST,2025-01-13 06:30:00 IST,2025-01-13 06:30:00 IST,2025-01-13 09:30:00 IST,94199.5,93661.0,538.5,0.5725,94199.5,93661.0,94064.875,93661.0,94629.26425,0.4294,81.52,81.52,A,1.0,1716.0,1.8217,3.1866,1,1,3,3.0,1,35.0,48.91,0.17282636547926686,42.39,2.650156089383558,216.03295684908358,1.2961977410945014,1.1233713756152346,3.7735274649987924,FILLED_TP,TP_HIT,False,3,3.0,1.3974,4.0571,1h,Fixed +0.60% TP reached at 94629.264250.
25,BTCUSD,LONG,2024-11-18 13:00:00+00:00,2024-11-17 22:00:00+00:00,2024-11-18 14:00:00+00:00,2025-01-13 14:00:00+00:00,2025-01-13 14:00:00+00:00,2025-01-13 15:00:00+00:00,2024-11-18 18:30:00 IST,2024-11-18 03:30:00 IST,2024-11-18 19:30:00 IST,2025-01-13 19:30:00 IST,2025-01-13 19:30:00 IST,2025-01-13 20:30:00 IST,89692.5,88744.5,948.0,1.0597,89692.5,88744.5,89455.5,88744.5,89992.233,0.7948,44.04,44.04,A,1.0,1418.5,1.5815,1.4963,0,0,1345,1345.0,1,35.0,26.42,0.13293611831315877,22.9,3.7735274649987924,166.17014789144844,0.9970208873486905,0.8640847690355318,4.637612234034324,FILLED_TP,TP_HIT,False,1,1.0,0.7549,4.812,1h,Fixed +0.60% TP reached at 89992.233000.
26,BTCUSD,LONG,2025-01-23 08:00:00+00:00,2025-01-21 06:00:00+00:00,2025-01-23 14:00:00+00:00,2025-01-27 00:00:00+00:00,2025-01-27 00:00:00+00:00,2025-01-27 01:00:00+00:00,2025-01-23 13:30:00 IST,2025-01-21 11:30:00 IST,2025-01-23 19:30:00 IST,2025-01-27 05:30:00 IST,2025-01-27 05:30:00 IST,2025-01-27 06:30:00 IST,102181.5,101112.0,1069.5,1.0494,102181.5,101112.0,101914.125,101112.0,102525.60975,0.7871,44.47,44.47,A,1.0,3818.5,3.737,3.5704,0,5,88,88.0,1,35.0,26.68,0.16498512578195787,-38.56,4.637612234034324,206.23140722744733,-1.6231642819120133,-1.7881494076939712,2.849462826340353,FILLED_SL,SL_HIT,False,1,1.0,-1.0,3.812,1h,Distal SL breached at 101112.000000.
27,BTCUSD,LONG,2025-01-20 00:00:00+00:00,2025-01-16 08:00:00+00:00,2025-01-20 02:00:00+00:00,2025-01-27 06:00:00+00:00,2025-01-27 06:00:00+00:00,2025-01-27 07:00:00+00:00,2025-01-20 05:30:00 IST,2025-01-16 13:30:00 IST,2025-01-20 07:30:00 IST,2025-01-27 11:30:00 IST,2025-01-27 11:30:00 IST,2025-01-27 12:30:00 IST,99788.5,98573.0,1215.5,1.2218,99788.5,98573.0,99484.625,98573.0,100081.53275,0.9163,38.2,38.2,A,1.0,2511.5,2.5168,2.0662,1,0,174,174.0,1,35.0,22.92,0.08706844086589863,-38.06,2.849462826340353,108.83555108237329,-0.9973119892191235,-1.0843804300850222,1.7650823962553308,FILLED_SL,SL_HIT,False,1,1.0,-1.0,2.812,1h,Distal SL breached at 98573.000000.
28,BTCUSD,SHORT,2025-02-06 06:00:00+00:00,2025-02-05 14:00:00+00:00,2025-02-06 15:00:00+00:00,2025-02-07 13:00:00+00:00,2025-02-07 13:00:00+00:00,2025-02-07 14:00:00+00:00,2025-02-06 11:30:00 IST,2025-02-05 19:30:00 IST,2025-02-06 20:30:00 IST,2025-02-07 18:30:00 IST,2025-02-07 18:30:00 IST,2025-02-07 19:30:00 IST,99123.0,98074.5,1048.5,1.0662,98074.5,99123.0,98336.625,99123.0,97746.60525,0.7997,43.77,43.77,A,1.0,1204.5,1.2281,1.1488,1,6,31,31.0,1,35.0,26.26,0.0618028660556418,-38.5,1.7650823962553308,77.25358256955225,-0.6177788386893658,-0.6795817047450076,1.0855006915103234,FILLED_SL,SL_HIT,False,1,1.0,-1.0,1.812,1h,Distal SL breached at 99123.000000.
29,BTCUSD,SHORT,2025-02-17 21:00:00+00:00,2025-02-17 14:00:00+00:00,2025-02-17 23:00:00+00:00,2025-02-18 14:00:00+00:00,2025-02-18 14:00:00+00:00,2025-02-18 15:00:00+00:00,2025-02-18 02:30:00 IST,2025-02-17 19:30:00 IST,2025-02-18 04:30:00 IST,2025-02-18 19:30:00 IST,2025-02-18 19:30:00 IST,2025-02-18 20:30:00 IST,97000.0,96350.0,650.0,0.6735,96350.0,97000.0,96512.5,97000.0,95933.425,0.5051,69.29,69.29,A,1.0,695.0,0.7213,1.0692,1,0,17,17.0,1,35.0,41.57,0.060172364999034306,36.03,1.0855006915103234,75.21545624879288,0.4512927374927573,0.391120372493723,1.4766210640040462,FILLED_TP,TP_HIT,False,1,1.0,1.1878,2.9998,1h,Fixed +0.60% TP reached at 95933.425000.
30,BTCUSD,LONG,2025-02-20 14:00:00+00:00,2025-02-20 06:00:00+00:00,2025-02-20 15:00:00+00:00,2025-02-20 16:00:00+00:00,2025-02-20 16:00:00+00:00,2025-02-20 17:00:00+00:00,2025-02-20 19:30:00 IST,2025-02-20 11:30:00 IST,2025-02-20 20:30:00 IST,2025-02-20 21:30:00 IST,2025-02-20 21:30:00 IST,2025-02-20 22:30:00 IST,96944.5,96743.0,201.5,0.208,96944.5,96743.0,96894.125,96743.0,97475.48975,0.156,224.4,100.0,A,1.0,331.5,0.3419,1.6452,0,1,2,2.0,1,15.6,60.0,0.11812968512032372,52.0,1.4766210640040462,147.66210640040464,0.8859726384024277,0.767842953282104,2.24446401728615,FILLED_TP,TP_HIT,False,1,1.0,3.8469,6.8467,1h,Fixed +0.60% TP reached at 97475.489750.
31,BTCUSD,SHORT,2025-03-16 05:00:00+00:00,2025-03-15 21:00:00+00:00,2025-03-16 07:00:00+00:00,2025-03-16 08:00:00+00:00,2025-03-16 08:00:00+00:00,2025-03-16 09:00:00+00:00,2025-03-16 10:30:00 IST,2025-03-16 02:30:00 IST,2025-03-16 12:30:00 IST,2025-03-16 13:30:00 IST,2025-03-16 13:30:00 IST,2025-03-16 14:30:00 IST,84430.5,84196.0,234.5,0.2783,84196.0,84430.5,84254.625,84430.5,83749.09725,0.2087,167.67,100.0,A,1.0,271.5,0.3225,1.1578,0,2,3,3.0,1,20.87,60.0,0.179557121382892,52.0,2.24446401728615,224.446401728615,1.34667841037169,1.167121288988798,3.411585306274948,FILLED_TP,TP_HIT,False,1,1.0,2.8744,9.7211,1h,Fixed +0.60% TP reached at 83749.097250.
32,BTCUSD,SHORT,2025-03-17 03:00:00+00:00,2025-03-16 17:00:00+00:00,2025-03-17 06:00:00+00:00,2025-03-17 07:00:00+00:00,2025-03-17 07:00:00+00:00,2025-03-17 12:00:00+00:00,2025-03-17 08:30:00 IST,2025-03-16 22:30:00 IST,2025-03-17 11:30:00 IST,2025-03-17 12:30:00 IST,2025-03-17 12:30:00 IST,2025-03-17 17:30:00 IST,84082.0,83435.0,647.0,0.774,83435.0,84082.0,83596.75,84082.0,83095.1695,0.5805,60.3,60.3,A,1.0,801.5,0.9606,1.2388,1,1,4,4.0,1,35.0,36.18,0.1645652432903767,31.35,3.411585306274948,205.70655411297085,1.234239324677825,1.0696740813874484,4.481259387662396,FILLED_TP,TP_HIT,False,5,5.0,1.0337,10.7547,1h,Fixed +0.60% TP reached at 83095.169500.
33,BTCUSD,LONG,2025-03-31 07:00:00+00:00,2025-03-18 14:00:00+00:00,2025-03-31 12:00:00+00:00,2025-03-31 13:00:00+00:00,2025-03-31 13:00:00+00:00,2025-03-31 14:00:00+00:00,2025-03-31 12:30:00 IST,2025-03-18 19:30:00 IST,2025-03-31 17:30:00 IST,2025-03-31 18:30:00 IST,2025-03-31 18:30:00 IST,2025-03-31 19:30:00 IST,81935.5,81113.0,822.5,1.0064,81935.5,81113.0,81729.875,81113.0,82220.25425,0.7548,46.37,46.37,A,1.0,1200.5,1.4652,1.4596,0,2,6,6.0,1,35.0,27.82,0.16624239187346346,24.11,4.481259387662396,207.80298984182932,1.246817939050976,1.0805755471775125,5.561834934839909,FILLED_TP,TP_HIT,False,1,1.0,0.7949,11.5497,1h,Fixed +0.60% TP reached at 82220.254250.
34,BTCUSD,SHORT,2025-04-04 17:00:00+00:00,2025-04-04 09:00:00+00:00,2025-04-04 20:00:00+00:00,2025-04-04 21:00:00+00:00,2025-04-04 21:00:00+00:00,2025-04-04 23:00:00+00:00,2025-04-04 22:30:00 IST,2025-04-04 14:30:00 IST,2025-04-05 01:30:00 IST,2025-04-05 02:30:00 IST,2025-04-05 02:30:00 IST,2025-04-05 04:30:00 IST,84680.0,84091.0,589.0,0.6992,84091.0,84680.0,84238.25,84680.0,83732.8205,0.5244,66.74,66.74,A,1.0,636.0,0.7563,1.0798,0,3,4,4.0,1,35.0,40.05,0.2969674876648281,34.71,5.561834934839909,371.20935958103513,2.2272561574862104,1.9302886698213824,7.492123604661291,FILLED_TP,TP_HIT,False,2,2.0,1.1442,12.6938,1h,Fixed +0.60% TP reached at 83732.820500.
35,BTCUSD,LONG,2025-04-18 15:00:00+00:00,2025-04-17 14:00:00+00:00,2025-04-19 04:00:00+00:00,2025-04-20 10:00:00+00:00,2025-04-20 10:00:00+00:00,2025-04-20 20:00:00+00:00,2025-04-18 20:30:00 IST,2025-04-17 19:30:00 IST,2025-04-19 09:30:00 IST,2025-04-20 15:30:00 IST,2025-04-20 15:30:00 IST,2025-04-21 01:30:00 IST,84430.0,83700.0,730.0,0.8665,84430.0,83700.0,84247.5,83700.0,84752.985,0.6499,53.86,53.86,A,1.0,810.0,0.9594,1.1096,6,0,43,43.0,1,35.0,32.31,0.32280173762088876,28.01,7.492123604661291,403.50217202611094,2.4210130321566656,2.0982112945357767,9.590334899197067,FILLED_TP,TP_HIT,False,10,10.0,0.9233,13.6171,1h,Fixed +0.60% TP reached at 84752.985000.
36,BTCUSD,LONG,2025-04-23 11:00:00+00:00,2025-04-23 01:00:00+00:00,2025-04-23 13:00:00+00:00,2025-04-23 14:00:00+00:00,2025-04-23 14:00:00+00:00,2025-04-23 15:00:00+00:00,2025-04-23 16:30:00 IST,2025-04-23 06:30:00 IST,2025-04-23 18:30:00 IST,2025-04-23 19:30:00 IST,2025-04-23 19:30:00 IST,2025-04-23 20:30:00 IST,93462.0,92552.0,910.0,0.976,93462.0,92552.0,93234.5,92552.0,93793.907,0.732,47.81,47.81,A,1.0,1238.0,1.3246,1.3604,0,1,3,3.0,1,35.0,28.69,0.366830801706334,-38.83,9.590334899197067,458.5385021329174,-3.3566172147189732,-3.723448016425307,5.866886882771761,FILLED_SL,SL_HIT,False,1,1.0,-1.0,12.6171,1h,Distal SL breached at 92552.000000.
37,BTCUSD,SHORT,2025-04-30 03:00:00+00:00,2025-04-29 16:00:00+00:00,2025-04-30 13:00:00+00:00,2025-05-01 02:00:00+00:00,2025-05-01 02:00:00+00:00,2025-05-01 09:00:00+00:00,2025-04-30 08:30:00 IST,2025-04-29 21:30:00 IST,2025-04-30 18:30:00 IST,2025-05-01 07:30:00 IST,2025-05-01 07:30:00 IST,2025-05-01 14:30:00 IST,95423.0,94750.0,673.0,0.709,94750.0,95423.0,94918.25,95423.0,94348.7405,0.5318,65.82,65.82,A,1.0,1792.0,1.8913,2.6627,1,7,23,23.0,1,35.0,39.49,0.30891510260719596,-40.27,5.866886882771761,386.14387825899496,-2.053410408970116,-2.362325511577312,3.5045613711944488,FILLED_SL,SL_HIT,False,7,7.0,-1.0,11.6171,1h,Distal SL breached at 95423.000000.
38,BTCUSD,LONG,2025-05-17 09:00:00+00:00,2025-05-15 19:00:00+00:00,2025-05-18 07:00:00+00:00,2025-05-19 04:00:00+00:00,2025-05-19 04:00:00+00:00,2025-05-19 06:00:00+00:00,2025-05-17 14:30:00 IST,2025-05-16 00:30:00 IST,2025-05-18 12:30:00 IST,2025-05-19 09:30:00 IST,2025-05-19 09:30:00 IST,2025-05-19 11:30:00 IST,103192.0,102509.5,682.5,0.6625,103192.0,102509.5,103021.375,102509.5,103639.50325,0.4969,70.44,70.44,A,1.0,768.0,0.7442,1.1253,5,12,43,43.0,1,35.0,42.27,0.1974945538364923,-40.64,3.5045613711944488,246.8681922956154,-1.226596479918057,-1.4240910337545494,2.080470337439899,FILLED_SL,SL_HIT,False,2,2.0,-1.0,10.6171,1h,Distal SL breached at 102509.500000.
39,BTCUSD,LONG,2025-05-21 07:00:00+00:00,2025-05-20 22:00:00+00:00,2025-05-21 14:00:00+00:00,2025-05-21 17:00:00+00:00,2025-05-21 17:00:00+00:00,2025-05-21 18:00:00+00:00,2025-05-21 12:30:00 IST,2025-05-21 03:30:00 IST,2025-05-21 19:30:00 IST,2025-05-21 22:30:00 IST,2025-05-21 22:30:00 IST,2025-05-21 23:30:00 IST,106857.0,105889.0,968.0,0.9079,106857.0,105889.0,106615.0,105889.0,107254.69,0.681,51.4,51.4,A,1.0,2142.0,2.0045,2.2128,1,6,10,10.0,1,35.0,30.84,0.08554630386683658,26.73,2.080470337439899,106.93287983354573,0.6415972790012743,0.5560509751344377,2.6365213125743368,FILLED_TP,TP_HIT,False,1,1.0,0.8811,11.4982,1h,Fixed +0.60% TP reached at 107254.690000.
40,BTCUSD,SHORT,2025-05-24 10:00:00+00:00,2025-05-23 17:00:00+00:00,2025-05-24 22:00:00+00:00,2025-05-25 22:00:00+00:00,2025-05-25 22:00:00+00:00,2025-05-25 23:00:00+00:00,2025-05-24 15:30:00 IST,2025-05-23 22:30:00 IST,2025-05-25 03:30:00 IST,2025-05-26 03:30:00 IST,2025-05-26 03:30:00 IST,2025-05-26 04:30:00 IST,109771.0,108974.0,797.0,0.73,108974.0,109771.0,109173.25,109771.0,108518.2105,0.5475,63.92,63.92,A,1.0,1039.0,0.9534,1.3036,3,4,36,36.0,1,35.0,38.35,0.13482982535950105,33.24,2.6365213125743368,168.5372816993763,1.0112236901962577,0.8763938648367566,3.5129151774110934,FILLED_TP,TP_HIT,False,1,1.0,1.0958,12.594,1h,Fixed +0.60% TP reached at 108518.210500.
41,BTCUSD,LONG,2025-05-25 14:00:00+00:00,2025-05-21 18:00:00+00:00,2025-05-25 22:00:00+00:00,2025-05-28 15:00:00+00:00,2025-05-28 15:00:00+00:00,2025-05-28 17:00:00+00:00,2025-05-25 19:30:00 IST,2025-05-21 23:30:00 IST,2025-05-26 03:30:00 IST,2025-05-28 20:30:00 IST,2025-05-28 20:30:00 IST,2025-05-28 22:30:00 IST,107381.0,106286.0,1095.0,1.0223,107381.0,106286.0,107107.25,106286.0,107749.8935,0.7668,45.65,45.65,A,1.0,1799.0,1.6753,1.6429,1,3,73,73.0,1,35.0,27.39,0.12828302168403533,23.74,3.5129151774110934,160.35377710504414,0.9621226626302648,0.8338396409462294,4.346754818357323,FILLED_TP,TP_HIT,False,2,2.0,0.7825,13.3766,1h,Fixed +0.60% TP reached at 107749.893500.
42,BTCUSD,LONG,2025-05-28 20:00:00+00:00,2025-05-25 15:00:00+00:00,2025-05-29 01:00:00+00:00,2025-05-29 04:00:00+00:00,2025-05-29 04:00:00+00:00,2025-05-29 06:00:00+00:00,2025-05-29 01:30:00 IST,2025-05-25 20:30:00 IST,2025-05-29 06:30:00 IST,2025-05-29 09:30:00 IST,2025-05-29 09:30:00 IST,2025-05-29 11:30:00 IST,107390.5,106520.5,870.0,0.8118,107390.5,106520.5,107173.0,106520.5,107816.038,0.6088,57.49,57.49,A,1.0,908.5,0.846,1.0443,2,2,8,8.0,1,35.0,34.49,0.199907020936991,29.89,4.346754818357323,249.88377617123874,1.4993026570274324,1.2993956360904413,5.646150454447764,FILLED_TP,TP_HIT,False,2,2.0,0.9855,14.3621,1h,Fixed +0.60% TP reached at 107816.038000.
43,BTCUSD,SHORT,2025-05-31 14:00:00+00:00,2025-05-30 19:00:00+00:00,2025-06-01 02:00:00+00:00,2025-06-01 05:00:00+00:00,2025-06-01 05:00:00+00:00,2025-06-01 09:00:00+00:00,2025-05-31 19:30:00 IST,2025-05-31 00:30:00 IST,2025-06-01 07:30:00 IST,2025-06-01 10:30:00 IST,2025-06-01 10:30:00 IST,2025-06-01 14:30:00 IST,104970.5,104454.0,516.5,0.4939,104454.0,104970.5,104583.125,104970.5,103955.62625,0.3704,94.49,94.49,A,1.0,570.0,0.5457,1.1036,1,10,15,15.0,1,35.0,56.7,0.42681581529259477,49.14,5.646150454447764,533.5197691157434,3.20111861469446,2.774302799401865,8.42045325384963,FILLED_TP,TP_HIT,False,4,4.0,1.6199,15.9819,1h,Fixed +0.60% TP reached at 103955.626250.
44,BTCUSD,SHORT,2025-06-01 04:00:00+00:00,2025-05-31 22:00:00+00:00,2025-06-01 06:00:00+00:00,2025-06-01 14:00:00+00:00,2025-06-01 14:00:00+00:00,2025-06-01 16:00:00+00:00,2025-06-01 09:30:00 IST,2025-06-01 03:30:00 IST,2025-06-01 11:30:00 IST,2025-06-01 19:30:00 IST,2025-06-01 19:30:00 IST,2025-06-01 21:30:00 IST,104868.0,104559.0,309.0,0.2953,104559.0,104868.0,104636.25,104868.0,104008.4325,0.2215,158.03,100.0,A,1.0,412.0,0.394,1.3333,1,0,10,10.0,1,22.15,60.0,0.6736362603079704,-30.15,8.42045325384963,842.045325384963,-1.8649751320213133,-2.5386113923292837,5.881841861520346,FILLED_SL,SL_HIT,False,2,2.0,-1.0,14.9819,1h,Distal SL breached at 104868.000000.
45,BTCUSD,SHORT,2025-06-02 06:00:00+00:00,2025-05-30 12:00:00+00:00,2025-06-02 10:00:00+00:00,2025-06-02 22:00:00+00:00,2025-06-02 22:00:00+00:00,2025-06-03 00:00:00+00:00,2025-06-02 11:30:00 IST,2025-05-30 17:30:00 IST,2025-06-02 15:30:00 IST,2025-06-03 03:30:00 IST,2025-06-03 03:30:00 IST,2025-06-03 05:30:00 IST,105960.0,105104.0,856.0,0.8128,105104.0,105960.0,105318.0,105960.0,104686.092,0.6096,57.42,57.42,A,1.0,904.0,0.8601,1.0561,1,2,16,16.0,1,35.0,34.45,0.27017113695957623,-39.59,5.881841861520346,337.7139211994703,-2.0586446515321213,-2.3288157884916973,3.553026073028649,FILLED_SL,SL_HIT,False,2,2.0,-1.0,13.9819,1h,Distal SL breached at 105960.000000.
46,BTCUSD,LONG,2025-06-04 20:00:00+00:00,2025-06-02 14:00:00+00:00,2025-06-05 12:00:00+00:00,2025-06-05 13:00:00+00:00,2025-06-05 13:00:00+00:00,2025-06-05 16:00:00+00:00,2025-06-05 01:30:00 IST,2025-06-02 19:30:00 IST,2025-06-05 17:30:00 IST,2025-06-05 18:30:00 IST,2025-06-05 18:30:00 IST,2025-06-05 21:30:00 IST,104646.5,103627.0,1019.5,0.9766,104646.5,103627.0,104391.625,103627.0,105017.97475,0.7325,47.78,47.78,A,1.0,1101.5,1.0526,1.0804,6,3,17,17.0,1,35.0,28.67,0.1358230849378875,-38.82,3.553026073028649,169.77885617235935,-1.2435591255600271,-1.3793822104979145,2.173643862530734,FILLED_SL,SL_HIT,False,3,3.0,-1.0,12.9819,1h,Distal SL breached at 103627.000000.
47,BTCUSD,LONG,2025-05-19 06:00:00+00:00,2025-05-15 14:00:00+00:00,2025-05-19 13:00:00+00:00,2025-06-05 19:00:00+00:00,2025-06-05 19:00:00+00:00,2025-06-05 20:00:00+00:00,2025-05-19 11:30:00 IST,2025-05-15 19:30:00 IST,2025-05-19 18:30:00 IST,2025-06-06 00:30:00 IST,2025-06-06 00:30:00 IST,2025-06-06 01:30:00 IST,102368.5,101322.5,1046.0,1.0244,102368.5,101322.5,102107.0,101322.5,102719.642,0.7683,45.55,45.55,A,1.0,1125.5,1.0995,1.076,4,1,421,421.0,1,35.0,27.33,0.07921528500191102,-38.64,2.173643862530734,99.01910625238877,-0.760775351885757,-0.839990636887668,1.3336532256430662,FILLED_SL,SL_HIT,False,1,1.0,-1.0,11.9819,1h,Distal SL breached at 101322.500000.
48,BTCUSD,SHORT,2025-06-08 01:00:00+00:00,2025-06-04 10:00:00+00:00,2025-06-08 09:00:00+00:00,2025-06-08 12:00:00+00:00,2025-06-08 12:00:00+00:00,2025-06-08 13:00:00+00:00,2025-06-08 06:30:00 IST,2025-06-04 15:30:00 IST,2025-06-08 14:30:00 IST,2025-06-08 17:30:00 IST,2025-06-08 17:30:00 IST,2025-06-08 18:30:00 IST,105975.0,105613.5,361.5,0.342,105613.5,105975.0,105703.875,105975.0,105069.65175,0.2565,136.45,100.0,A,1.0,546.5,0.5175,1.5118,7,0,11,11.0,1,25.65,60.0,0.10669225805144529,-33.65,1.3336532256430662,133.3653225643066,-0.3420751895826679,-0.4487674476341132,0.884885778008953,FILLED_SL,SL_HIT,False,1,1.0,-1.0,10.9819,1h,Distal SL breached at 105975.000000.
49,BTCUSD,SHORT,2025-05-29 10:00:00+00:00,2025-05-28 08:00:00+00:00,2025-05-29 13:00:00+00:00,2025-06-09 19:00:00+00:00,2025-06-09 19:00:00+00:00,2025-06-09 21:00:00+00:00,2025-05-29 15:30:00 IST,2025-05-28 13:30:00 IST,2025-05-29 18:30:00 IST,2025-06-10 00:30:00 IST,2025-06-10 00:30:00 IST,2025-06-10 02:30:00 IST,109088.0,108550.0,538.0,0.495,108550.0,109088.0,108684.5,109088.0,108032.393,0.3713,94.27,94.27,A,1.0,1161.0,1.0696,2.158,0,2,273,273.0,1,35.0,56.56,0.06673740553953886,-42.54,0.884885778008953,83.42175692442358,-0.3097100223031335,-0.3764474278426724,0.5084383501662806,FILLED_SL,SL_HIT,False,2,2.0,-1.0,9.9819,1h,Distal SL breached at 109088.000000.
50,BTCUSD,SHORT,2025-06-10 02:00:00+00:00,2025-05-27 13:00:00+00:00,2025-06-10 15:00:00+00:00,2025-06-10 19:00:00+00:00,2025-06-10 19:00:00+00:00,2025-06-11 10:00:00+00:00,2025-06-10 07:30:00 IST,2025-05-27 18:30:00 IST,2025-06-10 20:30:00 IST,2025-06-11 00:30:00 IST,2025-06-11 00:30:00 IST,2025-06-11 15:30:00 IST,110690.0,109536.5,1153.5,1.0503,109536.5,110690.0,109824.875,110690.0,109165.92575,0.7877,44.43,44.43,A,1.0,1236.5,1.1288,1.072,5,1,17,17.0,1,35.0,26.66,0.018072498090589265,23.1,0.5084383501662806,22.59062261323658,0.1355437356794195,0.11747123758883023,0.6259095877551109,FILLED_TP,TP_HIT,False,15,15.0,0.7617,10.7436,1h,Fixed +0.60% TP reached at 109165.925750.
51,BTCUSD,LONG,2025-06-14 20:00:00+00:00,2025-06-13 14:00:00+00:00,2025-06-15 05:00:00+00:00,2025-06-15 20:00:00+00:00,2025-06-15 20:00:00+00:00,2025-06-15 23:00:00+00:00,2025-06-15 01:30:00 IST,2025-06-13 19:30:00 IST,2025-06-15 10:30:00 IST,2025-06-16 01:30:00 IST,2025-06-16 01:30:00 IST,2025-06-16 04:30:00 IST,104978.5,104079.5,899.0,0.8582,104978.5,104079.5,104753.75,104079.5,105382.2725,0.6437,54.38,54.38,A,1.0,1099.5,1.0474,1.223,8,0,24,24.0,1,35.0,32.63,0.027228157825620384,28.28,0.6259095877551109,34.03519728202548,0.2042111836921529,0.17698302586653253,0.8028926136216434,FILLED_TP,TP_HIT,False,3,3.0,0.9322,11.6758,1h,Fixed +0.60% TP reached at 105382.272500.
52,BTCUSD,SHORT,2025-06-30 04:00:00+00:00,2025-06-16 19:00:00+00:00,2025-06-30 06:00:00+00:00,2025-07-02 15:00:00+00:00,2025-07-02 15:00:00+00:00,2025-07-02 16:00:00+00:00,2025-06-30 09:30:00 IST,2025-06-17 00:30:00 IST,2025-06-30 11:30:00 IST,2025-07-02 20:30:00 IST,2025-07-02 20:30:00 IST,2025-07-02 21:30:00 IST,108865.0,108217.5,647.5,0.5974,108217.5,108865.0,108379.375,108865.0,107729.09875,0.4481,78.11,78.11,A,1.0,750.5,0.6935,1.1591,0,0,59,59.0,1,35.0,46.87,0.05017196376586967,-41.25,0.8028926136216434,62.714954707337085,-0.28101241476757516,-0.33118437853344485,0.4717082350881986,FILLED_SL,SL_HIT,False,1,1.0,-1.0,10.6758,1h,Distal SL breached at 108865.000000.
53,BTCUSD,LONG,2025-07-07 00:00:00+00:00,2025-07-06 18:00:00+00:00,2025-07-07 03:00:00+00:00,2025-07-07 07:00:00+00:00,2025-07-07 07:00:00+00:00,2025-07-07 13:00:00+00:00,2025-07-07 05:30:00 IST,2025-07-06 23:30:00 IST,2025-07-07 08:30:00 IST,2025-07-07 12:30:00 IST,2025-07-07 12:30:00 IST,2025-07-07 18:30:00 IST,108890.0,108222.5,667.5,0.6139,108890.0,108222.5,108723.125,108222.5,109375.46375,0.4605,76.01,76.01,A,1.0,788.0,0.7237,1.1805,2,1,7,7.0,1,35.0,45.61,0.028684077211418947,-41.08,0.4717082350881986,35.85509651427368,-0.1650978822808695,-0.19378195949228844,0.27792627559591015,FILLED_SL,SL_HIT,False,6,6.0,-1.0,9.6758,1h,Distal SL breached at 108222.500000.
54,BTCUSD,LONG,2025-07-05 07:00:00+00:00,2025-07-05 02:00:00+00:00,2025-07-06 13:00:00+00:00,2025-07-07 14:00:00+00:00,2025-07-07 14:00:00+00:00,2025-07-07 18:00:00+00:00,2025-07-05 12:30:00 IST,2025-07-05 07:30:00 IST,2025-07-06 18:30:00 IST,2025-07-07 19:30:00 IST,2025-07-07 19:30:00 IST,2025-07-07 23:30:00 IST,108056.5,107698.5,358.0,0.3316,108056.5,107698.5,107967.0,107698.5,108614.802,0.2487,140.74,100.0,A,1.0,1034.0,0.9569,2.8883,4,15,55,55.0,1,24.87,60.0,0.022234102047672812,-32.87,0.27792627559591015,27.792627559591015,-0.0691166791681735,-0.09135078121584632,0.18657549438006382,FILLED_SL,SL_HIT,False,4,4.0,-1.0,8.6758,1h,Distal SL breached at 107698.500000.
55,BTCUSD,SHORT,2025-07-20 08:00:00+00:00,2025-07-19 11:00:00+00:00,2025-07-20 12:00:00+00:00,2025-07-20 13:00:00+00:00,2025-07-20 13:00:00+00:00,2025-07-20 14:00:00+00:00,2025-07-20 13:30:00 IST,2025-07-19 16:30:00 IST,2025-07-20 17:30:00 IST,2025-07-20 18:30:00 IST,2025-07-20 18:30:00 IST,2025-07-20 19:30:00 IST,118469.0,118131.5,337.5,0.2855,118131.5,118469.0,118215.875,118469.0,117506.57975,0.2141,163.46,100.0,A,1.0,421.5,0.3568,1.2489,2,1,5,5.0,1,21.41,60.0,0.014926039550405105,-29.41,0.18657549438006382,18.65754943800638,-0.03994972926855522,-0.05487576881896033,0.1316997255611035,FILLED_SL,SL_HIT,False,1,1.0,-1.0,7.6758,1h,Distal SL breached at 118469.000000.
56,BTCUSD,LONG,2025-07-15 14:00:00+00:00,2025-07-11 00:00:00+00:00,2025-07-15 16:00:00+00:00,2025-07-25 03:00:00+00:00,2025-07-25 03:00:00+00:00,2025-07-25 04:00:00+00:00,2025-07-15 19:30:00 IST,2025-07-11 05:30:00 IST,2025-07-15 21:30:00 IST,2025-07-25 08:30:00 IST,2025-07-25 08:30:00 IST,2025-07-25 09:30:00 IST,116063.0,115207.5,855.5,0.7385,116063.0,115207.5,115849.125,115207.5,116544.21975,0.5538,63.19,63.19,A,1.0,1671.0,1.4397,1.9532,1,1,229,229.0,1,35.0,37.92,0.006658162371039646,-40.06,0.1316997255611035,8.322702963799557,-0.04609490394638622,-0.052753066317425865,0.07894665924367762,FILLED_SL,SL_HIT,False,1,1.0,-1.0,6.6758,1h,Distal SL breached at 115207.500000.
57,BTCUSD,LONG,2025-07-27 08:00:00+00:00,2025-07-27 00:00:00+00:00,2025-07-27 10:00:00+00:00,2025-07-27 12:00:00+00:00,2025-07-27 12:00:00+00:00,2025-07-27 16:00:00+00:00,2025-07-27 13:30:00 IST,2025-07-27 05:30:00 IST,2025-07-27 15:30:00 IST,2025-07-27 17:30:00 IST,2025-07-27 17:30:00 IST,2025-07-27 21:30:00 IST,117955.0,117812.5,142.5,0.1208,117955.0,117812.5,117919.375,117812.5,118626.89125,0.0906,386.17,100.0,A,1.0,331.0,0.2806,2.3228,0,1,4,4.0,1,9.06,60.0,0.006315732739494211,52.0,0.07894665924367762,7.894665924367763,0.04736799554620657,0.041052262806712356,0.11999892205038998,FILLED_TP,TP_HIT,False,4,4.0,6.62,13.2958,1h,Fixed +0.60% TP reached at 118626.891250.
58,BTCUSD,LONG,2025-07-30 11:00:00+00:00,2025-07-29 20:00:00+00:00,2025-07-30 14:00:00+00:00,2025-07-30 16:00:00+00:00,2025-07-30 16:00:00+00:00,2025-07-30 18:00:00+00:00,2025-07-30 16:30:00 IST,2025-07-30 01:30:00 IST,2025-07-30 19:30:00 IST,2025-07-30 21:30:00 IST,2025-07-30 21:30:00 IST,2025-07-30 23:30:00 IST,117853.0,117055.5,797.5,0.6778,117853.0,117055.5,117653.625,117055.5,118359.54675,0.5084,68.85,68.85,A,1.0,851.5,0.7225,1.0677,0,3,5,5.0,1,35.0,41.31,0.006609197557516953,-40.51,0.11999892205038998,8.261496946896191,-0.04199962271763649,-0.048608820275153446,0.07139010177523653,FILLED_SL,SL_HIT,False,2,2.0,-1.0,12.2958,1h,Distal SL breached at 117055.500000.
59,BTCUSD,LONG,2025-08-20 18:00:00+00:00,2025-08-20 13:00:00+00:00,2025-08-21 01:00:00+00:00,2025-08-21 09:00:00+00:00,2025-08-21 09:00:00+00:00,2025-08-21 16:00:00+00:00,2025-08-20 23:30:00 IST,2025-08-20 18:30:00 IST,2025-08-21 06:30:00 IST,2025-08-21 14:30:00 IST,2025-08-21 14:30:00 IST,2025-08-21 21:30:00 IST,113623.0,112547.0,1076.0,0.9492,113623.0,112547.0,113354.0,112547.0,114034.124,0.7119,49.16,49.16,A,1.0,1088.0,0.9576,1.0112,6,0,15,15.0,1,35.0,29.5,0.0028077558947415676,-38.93,0.07139010177523653,3.5096948684269593,-0.02498653562133278,-0.02779429151607435,0.04359581025916218,FILLED_SL,SL_HIT,False,7,7.0,-1.0,11.2958,1h,Distal SL breached at 112547.000000.
60,BTCUSD,LONG,2025-07-09 14:00:00+00:00,2025-07-09 05:00:00+00:00,2025-07-09 16:00:00+00:00,2025-08-26 01:00:00+00:00,2025-08-26 01:00:00+00:00,2025-08-26 02:00:00+00:00,2025-07-09 19:30:00 IST,2025-07-09 10:30:00 IST,2025-07-09 21:30:00 IST,2025-08-26 06:30:00 IST,2025-08-26 06:30:00 IST,2025-08-26 07:30:00 IST,108911.0,108439.0,472.0,0.4339,108911.0,108439.0,108793.0,108439.0,109445.758,0.3254,107.56,100.0,A,1.0,530.0,0.4866,1.1229,1,1,1139,1139.0,1,32.54,60.0,0.0034876648207329748,52.0,0.04359581025916218,4.359581025916218,0.026157486155497307,0.02266982133476433,0.06626563159392651,FILLED_TP,TP_HIT,False,1,1.0,1.8439,13.1398,1h,Fixed +0.60% TP reached at 109445.758000.
61,BTCUSD,SHORT,2025-08-27 16:00:00+00:00,2025-08-25 16:00:00+00:00,2025-08-27 20:00:00+00:00,2025-08-27 21:00:00+00:00,2025-08-27 21:00:00+00:00,2025-08-27 22:00:00+00:00,2025-08-27 21:30:00 IST,2025-08-25 21:30:00 IST,2025-08-28 01:30:00 IST,2025-08-28 02:30:00 IST,2025-08-28 02:30:00 IST,2025-08-28 03:30:00 IST,112909.5,111986.0,923.5,0.823,111986.0,112909.5,112216.875,112909.5,111543.57375,0.6172,56.71,56.71,A,1.0,1115.5,0.9961,1.2079,0,3,5,5.0,1,35.0,34.02,0.0030061204652793018,29.49,0.06626563159392651,3.757650581599127,0.022545903489594763,0.01953978302431546,0.08580541461824197,FILLED_TP,TP_HIT,False,1,1.0,0.9721,14.1119,1h,Fixed +0.60% TP reached at 111543.573750.
62,BTCUSD,LONG,2025-08-30 21:00:00+00:00,2025-08-30 13:00:00+00:00,2025-08-31 00:00:00+00:00,2025-08-31 06:00:00+00:00,2025-08-31 06:00:00+00:00,2025-08-31 13:00:00+00:00,2025-08-31 02:30:00 IST,2025-08-30 18:30:00 IST,2025-08-31 05:30:00 IST,2025-08-31 11:30:00 IST,2025-08-31 11:30:00 IST,2025-08-31 18:30:00 IST,108575.0,108165.5,409.5,0.3775,108575.0,108165.5,108472.625,108165.5,109123.46075,0.2831,123.62,100.0,A,1.0,790.5,0.7281,1.9304,1,1,9,9.0,1,28.31,60.0,0.006864433169459358,-36.31,0.08580541461824197,8.580541461824197,-0.024294597797949083,-0.031159030967408442,0.054646383650833526,FILLED_SL,SL_HIT,False,7,7.0,-1.0,13.1119,1h,Distal SL breached at 108165.500000.
63,BTCUSD,SHORT,2025-08-31 18:00:00+00:00,2025-08-31 01:00:00+00:00,2025-08-31 22:00:00+00:00,2025-09-01 07:00:00+00:00,2025-09-01 07:00:00+00:00,2025-09-01 08:00:00+00:00,2025-08-31 23:30:00 IST,2025-08-31 06:30:00 IST,2025-09-01 03:30:00 IST,2025-09-01 12:30:00 IST,2025-09-01 12:30:00 IST,2025-09-01 13:30:00 IST,109451.5,109096.0,355.5,0.3256,109096.0,109451.5,109184.875,109451.5,108529.76575,0.2442,143.33,100.0,A,1.0,385.5,0.3534,1.0844,2,1,13,13.0,1,24.42,60.0,0.004371710692066683,-32.42,0.054646383650833526,5.464638365083353,-0.013344423429438819,-0.0177161341215055,0.036930249529328024,FILLED_SL,SL_HIT,False,1,1.0,-1.0,12.1119,1h,Distal SL breached at 109451.500000.
64,BTCUSD,SHORT,2025-08-28 11:00:00+00:00,2025-08-25 03:00:00+00:00,2025-08-28 19:00:00+00:00,2025-09-05 12:00:00+00:00,2025-09-05 12:00:00+00:00,2025-09-05 14:00:00+00:00,2025-08-28 16:30:00 IST,2025-08-25 08:30:00 IST,2025-08-29 00:30:00 IST,2025-09-05 17:30:00 IST,2025-09-05 17:30:00 IST,2025-09-05 19:30:00 IST,113633.0,112866.5,766.5,0.678,112866.5,113633.0,113058.125,113633.0,112379.77625,0.5085,68.83,68.83,A,1.0,996.0,0.8825,1.2994,3,5,193,193.0,1,35.0,41.3,0.0020336144986632374,35.79,0.036930249529328024,2.5420181233290466,0.015252108739974278,0.013218494241311041,0.05014874377063906,FILLED_TP,TP_HIT,False,2,2.0,1.18,13.2919,1h,Fixed +0.60% TP reached at 112379.776250.
65,BTCUSD,LONG,2025-09-09 01:00:00+00:00,2025-09-08 02:00:00+00:00,2025-09-09 05:00:00+00:00,2025-09-09 15:00:00+00:00,2025-09-09 15:00:00+00:00,2025-09-10 06:00:00+00:00,2025-09-09 06:30:00 IST,2025-09-08 07:30:00 IST,2025-09-09 10:30:00 IST,2025-09-09 20:30:00 IST,2025-09-09 20:30:00 IST,2025-09-10 11:30:00 IST,111356.5,110577.5,779.0,0.7008,111356.5,110577.5,111161.75,110577.5,111828.7205,0.5256,66.59,66.59,A,1.0,864.5,0.7763,1.1098,2,1,14,14.0,1,35.0,39.96,0.0026716203560065623,34.63,0.05014874377063906,3.339525445008203,0.02003715267004922,0.017365532314042656,0.06751427608468172,FILLED_TP,TP_HIT,False,15,15.0,1.1416,14.4335,1h,Fixed +0.60% TP reached at 111828.720500.
66,BTCUSD,SHORT,2025-09-09 12:00:00+00:00,2025-08-28 13:00:00+00:00,2025-09-09 14:00:00+00:00,2025-09-10 08:00:00+00:00,2025-09-10 08:00:00+00:00,2025-09-10 09:00:00+00:00,2025-09-09 17:30:00 IST,2025-08-28 18:30:00 IST,2025-09-09 19:30:00 IST,2025-09-10 13:30:00 IST,2025-09-10 13:30:00 IST,2025-09-10 14:30:00 IST,113440.5,112537.5,903.0,0.8008,112537.5,113440.5,112763.25,113440.5,112086.6705,0.6006,58.28,58.28,A,1.0,1075.5,0.9557,1.191,0,2,20,20.0,1,35.0,34.97,0.0031475469530567388,30.3,0.06751427608468172,3.934433691320923,0.023606602147925534,0.020459055194868795,0.08797333127955051,FILLED_TP,TP_HIT,False,1,1.0,0.999,15.4325,1h,Fixed +0.60% TP reached at 112086.670500.
67,BTCUSD,SHORT,2025-09-13 23:00:00+00:00,2025-09-13 10:00:00+00:00,2025-09-14 04:00:00+00:00,2025-09-14 08:00:00+00:00,2025-09-14 08:00:00+00:00,2025-09-14 13:00:00+00:00,2025-09-14 04:30:00 IST,2025-09-13 15:30:00 IST,2025-09-14 09:30:00 IST,2025-09-14 13:30:00 IST,2025-09-14 13:30:00 IST,2025-09-14 18:30:00 IST,116138.0,115861.0,277.0,0.2389,115861.0,116138.0,115930.25,116138.0,115234.6685,0.1792,195.31,100.0,A,1.0,443.5,0.3828,1.6011,2,3,9,9.0,1,17.92,60.0,0.007037866502364041,52.0,0.08797333127955051,8.797333127955051,0.0527839987677303,0.04574613226536626,0.13371946354491676,FILLED_TP,TP_HIT,False,5,5.0,3.3482,18.7806,1h,Fixed +0.60% TP reached at 115234.668500.
68,BTCUSD,LONG,2025-09-20 18:00:00+00:00,2025-09-20 09:00:00+00:00,2025-09-20 21:00:00+00:00,2025-09-20 22:00:00+00:00,2025-09-20 22:00:00+00:00,2025-09-20 23:00:00+00:00,2025-09-20 23:30:00 IST,2025-09-20 14:30:00 IST,2025-09-21 02:30:00 IST,2025-09-21 03:30:00 IST,2025-09-21 03:30:00 IST,2025-09-21 04:30:00 IST,115756.0,115616.5,139.5,0.1205,115756.0,115616.5,115721.125,115616.5,116415.45175,0.0904,387.12,100.0,A,1.0,142.5,0.1231,1.0215,0,3,4,4.0,1,9.04,60.0,0.010697557083593342,-17.04,0.13371946354491676,13.371946354491676,-0.012089753598046092,-0.022787310681639434,0.11093215286327733,FILLED_SL,SL_HIT,False,1,1.0,-1.0,17.7806,1h,Distal SL breached at 115616.500000.
69,BTCUSD,LONG,2025-09-15 13:00:00+00:00,2025-09-11 15:00:00+00:00,2025-09-15 19:00:00+00:00,2025-09-22 00:00:00+00:00,2025-09-22 00:00:00+00:00,2025-09-22 05:00:00+00:00,2025-09-15 18:30:00 IST,2025-09-11 20:30:00 IST,2025-09-16 00:30:00 IST,2025-09-22 05:30:00 IST,2025-09-22 05:30:00 IST,2025-09-22 10:30:00 IST,114658.5,113937.0,721.5,0.6303,114658.5,113937.0,114478.125,113937.0,115164.99375,0.4727,74.04,74.04,A,1.0,876.5,0.7644,1.2148,2,2,155,155.0,1,35.0,44.43,0.006571134878928868,-40.92,0.11093215286327733,8.213918598661085,-0.038826253502147065,-0.04539738838107593,0.0655347644822014,FILLED_SL,SL_HIT,False,5,5.0,-1.0,16.7806,1h,Distal SL breached at 113937.000000.
70,BTCUSD,SHORT,2025-09-22 20:00:00+00:00,2025-09-22 14:00:00+00:00,2025-09-23 02:00:00+00:00,2025-09-23 06:00:00+00:00,2025-09-23 06:00:00+00:00,2025-09-23 17:00:00+00:00,2025-09-23 01:30:00 IST,2025-09-22 19:30:00 IST,2025-09-23 07:30:00 IST,2025-09-23 11:30:00 IST,2025-09-23 11:30:00 IST,2025-09-23 22:30:00 IST,113412.0,112719.0,693.0,0.6139,112719.0,113412.0,112892.25,113412.0,112214.8965,0.4604,76.02,76.02,A,1.0,1109.5,0.9843,1.601,3,2,10,10.0,1,35.0,45.61,0.003985652264304809,39.53,0.0655347644822014,4.982065330381011,0.029892391982286062,0.025906739717981252,0.09144150420018266,FILLED_TP,TP_HIT,False,11,11.0,1.3032,18.0839,1h,Fixed +0.60% TP reached at 112214.896500.
71,BTCUSD,SHORT,2025-10-11 10:00:00+00:00,2025-10-11 04:00:00+00:00,2025-10-11 20:00:00+00:00,2025-10-12 06:00:00+00:00,2025-10-12 06:00:00+00:00,2025-10-12 08:00:00+00:00,2025-10-11 15:30:00 IST,2025-10-11 09:30:00 IST,2025-10-12 01:30:00 IST,2025-10-12 11:30:00 IST,2025-10-12 11:30:00 IST,2025-10-12 13:30:00 IST,112943.5,111651.5,1292.0,1.1538,111651.5,112943.5,111974.5,112943.5,111302.653,0.8654,40.44,40.44,A,1.0,2042.0,1.8289,1.5805,1,9,20,20.0,1,35.0,24.27,0.002958671495745861,21.03,0.09144150420018266,3.698339369682326,0.022190036218093952,0.019231364722348092,0.11067286892253075,FILLED_TP,TP_HIT,False,2,2.0,0.6933,18.7772,1h,Fixed +0.60% TP reached at 111302.653000.
72,BTCUSD,SHORT,2025-10-13 13:00:00+00:00,2025-10-13 07:00:00+00:00,2025-10-13 14:00:00+00:00,2025-10-13 16:00:00+00:00,2025-10-13 16:00:00+00:00,2025-10-13 17:00:00+00:00,2025-10-13 18:30:00 IST,2025-10-13 12:30:00 IST,2025-10-13 19:30:00 IST,2025-10-13 21:30:00 IST,2025-10-13 21:30:00 IST,2025-10-13 22:30:00 IST,115512.0,114981.5,530.5,0.4608,114981.5,115512.0,115114.125,115512.0,114423.44025,0.3456,101.26,100.0,A,1.0,1248.5,1.0858,2.3534,0,1,3,3.0,1,34.56,60.0,0.008853829513802461,52.0,0.11067286892253075,11.067286892253076,0.06640372135351845,0.05754989183971599,0.16822276076224674,FILLED_TP,TP_HIT,False,1,1.0,1.7359,20.5131,1h,Fixed +0.60% TP reached at 114423.440250.
73,BTCUSD,LONG,2025-10-21 04:00:00+00:00,2025-10-20 00:00:00+00:00,2025-10-21 14:00:00+00:00,2025-10-21 22:00:00+00:00,2025-10-21 22:00:00+00:00,2025-10-21 23:00:00+00:00,2025-10-21 09:30:00 IST,2025-10-20 05:30:00 IST,2025-10-21 19:30:00 IST,2025-10-22 03:30:00 IST,2025-10-22 03:30:00 IST,2025-10-22 04:30:00 IST,108597.0,107387.5,1209.5,1.1169,108597.0,107387.5,108294.625,107387.5,108944.39275,0.8376,41.78,41.78,A,1.0,3691.5,3.3993,3.0521,0,8,18,18.0,1,35.0,25.07,0.005623187346947138,21.73,0.16822276076224674,7.028984183683922,0.04217390510210353,0.03655071775515639,0.20477347851740313,FILLED_TP,TP_HIT,False,1,1.0,0.7163,21.2294,1h,Fixed +0.60% TP reached at 108944.392750.
74,BTCUSD,LONG,2025-10-22 00:00:00+00:00,2025-10-21 05:00:00+00:00,2025-10-22 02:00:00+00:00,2025-10-22 03:00:00+00:00,2025-10-22 03:00:00+00:00,2025-10-22 04:00:00+00:00,2025-10-22 05:30:00 IST,2025-10-21 10:30:00 IST,2025-10-22 07:30:00 IST,2025-10-22 08:30:00 IST,2025-10-22 08:30:00 IST,2025-10-22 09:30:00 IST,107948.5,107425.0,523.5,0.4855,107948.5,107425.0,107817.625,107425.0,108464.53075,0.3642,96.11,96.11,A,1.0,690.0,0.6392,1.3181,1,0,3,3.0,1,35.0,57.67,0.015745032111265916,49.98,0.20477347851740313,19.681290139082392,0.11808774083449435,0.10234270872322843,0.30711618724063156,FILLED_TP,TP_HIT,False,1,1.0,1.6476,22.8771,1h,Fixed +0.60% TP reached at 108464.530750.
75,BTCUSD,LONG,2025-10-22 21:00:00+00:00,2025-10-19 08:00:00+00:00,2025-10-23 01:00:00+00:00,2025-10-30 17:00:00+00:00,2025-10-30 17:00:00+00:00,2025-10-30 20:00:00+00:00,2025-10-23 02:30:00 IST,2025-10-19 13:30:00 IST,2025-10-23 06:30:00 IST,2025-10-30 22:30:00 IST,2025-10-30 22:30:00 IST,2025-10-31 01:30:00 IST,107184.0,106239.0,945.0,0.8836,107184.0,106239.0,106947.75,106239.0,107589.4365,0.6627,52.81,52.81,A,1.0,1290.0,1.2035,1.3651,2,1,188,188.0,1,35.0,31.69,0.012975954652430325,27.46,0.30711618724063156,16.219943315537904,0.0973196598932274,0.08434370524079707,0.39145989248142865,FILLED_TP,TP_HIT,False,3,3.0,0.9054,23.7825,1h,Fixed +0.60% TP reached at 107589.436500.
76,BTCUSD,SHORT,2025-10-31 14:00:00+00:00,2025-10-30 07:00:00+00:00,2025-10-31 16:00:00+00:00,2025-11-02 07:00:00+00:00,2025-11-02 07:00:00+00:00,2025-11-02 13:00:00+00:00,2025-10-31 19:30:00 IST,2025-10-30 12:30:00 IST,2025-10-31 21:30:00 IST,2025-11-02 12:30:00 IST,2025-11-02 12:30:00 IST,2025-11-02 18:30:00 IST,111570.5,110612.0,958.5,0.8647,110612.0,111570.5,110851.625,111570.5,110186.51525,0.6485,53.97,53.97,A,1.0,1974.5,1.7851,2.06,1,1,41,41.0,1,35.0,32.38,0.01690184003768341,28.06,0.39145989248142865,21.12730004710426,0.12676380028262557,0.10986196024494216,0.5013218527263708,FILLED_TP,TP_HIT,False,6,6.0,0.9252,24.7077,1h,Fixed +0.60% TP reached at 110186.515250.
77,BTCUSD,SHORT,2025-11-07 20:00:00+00:00,2025-11-06 04:00:00+00:00,2025-11-08 00:00:00+00:00,2025-11-09 14:00:00+00:00,2025-11-09 14:00:00+00:00,2025-11-09 15:00:00+00:00,2025-11-08 01:30:00 IST,2025-11-06 09:30:00 IST,2025-11-08 05:30:00 IST,2025-11-09 19:30:00 IST,2025-11-09 19:30:00 IST,2025-11-09 20:30:00 IST,104187.5,103544.0,643.5,0.6205,103544.0,104187.5,103704.875,104187.5,103082.64575,0.4654,75.21,75.21,A,1.0,1044.0,1.0083,1.6224,1,3,42,42.0,1,35.0,45.12,0.030162270127100495,39.11,0.5013218527263708,37.702837658875616,0.2262170259532537,0.1960547558261532,0.6973766085525239,FILLED_TP,TP_HIT,False,1,1.0,1.2893,25.9969,1h,Fixed +0.60% TP reached at 103082.645750.
78,BTCUSD,SHORT,2025-11-15 02:00:00+00:00,2025-11-14 16:00:00+00:00,2025-11-16 01:00:00+00:00,2025-11-16 09:00:00+00:00,2025-11-16 09:00:00+00:00,2025-11-16 11:00:00+00:00,2025-11-15 07:30:00 IST,2025-11-14 21:30:00 IST,2025-11-16 06:30:00 IST,2025-11-16 14:30:00 IST,2025-11-16 14:30:00 IST,2025-11-16 16:30:00 IST,97388.0,96230.0,1158.0,1.1998,96230.0,97388.0,96519.5,97388.0,95940.383,0.8998,38.9,38.9,A,1.0,1415.0,1.4704,1.2219,11,2,31,31.0,1,35.0,23.34,0.021700545353335515,20.23,0.6973766085525239,27.125681691669392,0.16275409015001635,0.14105354479668084,0.8384301533492048,FILLED_TP,TP_HIT,False,2,2.0,0.6668,26.6637,1h,Fixed +0.60% TP reached at 95940.383000.
79,BTCUSD,SHORT,2025-11-24 02:00:00+00:00,2025-11-20 22:00:00+00:00,2025-11-24 09:00:00+00:00,2025-11-24 16:00:00+00:00,2025-11-24 16:00:00+00:00,2025-11-24 17:00:00+00:00,2025-11-24 07:30:00 IST,2025-11-21 03:30:00 IST,2025-11-24 14:30:00 IST,2025-11-24 21:30:00 IST,2025-11-24 21:30:00 IST,2025-11-24 22:30:00 IST,88223.0,87170.0,1053.0,1.2043,87170.0,88223.0,87433.25,88223.0,86908.6505,0.9033,38.75,38.75,A,1.0,1390.0,1.5946,1.32,2,4,14,14.0,1,35.0,23.25,0.02599033681226897,-38.1,0.8384301533492048,32.48792101533621,-0.29345055367222167,-0.31944089048449065,0.5189892628647141,FILLED_SL,SL_HIT,False,1,1.0,-1.0,25.6637,1h,Distal SL breached at 88223.000000.
80,BTCUSD,SHORT,2025-11-27 18:00:00+00:00,2025-11-27 09:00:00+00:00,2025-11-28 01:00:00+00:00,2025-11-28 05:00:00+00:00,2025-11-28 05:00:00+00:00,2025-11-28 07:00:00+00:00,2025-11-27 23:30:00 IST,2025-11-27 14:30:00 IST,2025-11-28 06:30:00 IST,2025-11-28 10:30:00 IST,2025-11-28 10:30:00 IST,2025-11-28 12:30:00 IST,91914.5,91449.0,465.5,0.5084,91449.0,91914.5,91565.375,91914.5,91015.98275,0.3813,91.79,91.79,A,1.0,686.0,0.7501,1.4737,2,2,11,11.0,1,35.0,55.08,0.03811243827583448,47.73,0.5189892628647141,47.6405478447931,0.2858432870687586,0.24773084879292412,0.7667201116576383,FILLED_TP,TP_HIT,False,2,2.0,1.5736,27.2374,1h,Fixed +0.60% TP reached at 91015.982750.
81,BTCUSD,LONG,2025-11-26 12:00:00+00:00,2025-11-24 14:00:00+00:00,2025-11-26 17:00:00+00:00,2025-12-01 03:00:00+00:00,2025-12-01 03:00:00+00:00,2025-12-01 08:00:00+00:00,2025-11-26 17:30:00 IST,2025-11-24 19:30:00 IST,2025-11-26 22:30:00 IST,2025-12-01 08:30:00 IST,2025-12-01 08:30:00 IST,2025-12-01 13:30:00 IST,86632.5,85234.5,1398.0,1.6202,86632.5,85234.5,86283.0,85234.5,86800.698,1.2152,28.8,28.8,A,1.0,3302.5,3.8121,2.3623,3,0,111,111.0,1,35.0,17.28,0.017666547630294405,14.98,0.7667201116576383,22.083184537868004,0.132499107227208,0.1148325595969136,0.881552671254552,FILLED_TP,TP_HIT,False,5,5.0,0.4938,27.7311,1h,Fixed +0.60% TP reached at 86800.698000.
82,BTCUSD,LONG,2025-12-04 14:00:00+00:00,2025-12-02 20:00:00+00:00,2025-12-04 15:00:00+00:00,2025-12-04 19:00:00+00:00,2025-12-04 19:00:00+00:00,2025-12-04 20:00:00+00:00,2025-12-04 19:30:00 IST,2025-12-03 01:30:00 IST,2025-12-04 20:30:00 IST,2025-12-05 00:30:00 IST,2025-12-05 00:30:00 IST,2025-12-05 01:30:00 IST,91893.5,90675.5,1218.0,1.3299,91893.5,90675.5,91589.0,90675.5,92138.534,0.9974,35.09,35.09,A,1.0,1350.0,1.4691,1.1084,0,0,5,5.0,1,35.0,21.05,0.024748054439090623,18.25,0.881552671254552,30.93506804886328,0.1856104082931797,0.1608623538540891,1.042415025108641,FILLED_TP,TP_HIT,False,1,1.0,0.6016,28.3327,1h,Fixed +0.60% TP reached at 92138.534000.
83,BTCUSD,LONG,2025-12-17 18:00:00+00:00,2025-12-16 04:00:00+00:00,2025-12-18 02:00:00+00:00,2025-12-18 17:00:00+00:00,2025-12-18 17:00:00+00:00,2025-12-18 18:00:00+00:00,2025-12-17 23:30:00 IST,2025-12-16 09:30:00 IST,2025-12-18 07:30:00 IST,2025-12-18 22:30:00 IST,2025-12-18 22:30:00 IST,2025-12-18 23:30:00 IST,85897.0,85234.5,662.5,0.7728,85897.0,85234.5,85731.375,85234.5,86245.76325,0.5796,60.39,60.39,A,1.0,948.5,1.1042,1.4317,3,3,23,23.0,1,35.0,36.23,0.05036065118692334,31.4,1.042415025108641,62.95081398365417,0.37770488390192497,0.3273442327150016,1.3697592578236426,FILLED_TP,TP_HIT,False,1,1.0,1.0352,29.3679,1h,Fixed +0.60% TP reached at 86245.763250.
84,BTCUSD,LONG,2025-12-29 12:00:00+00:00,2025-12-26 15:00:00+00:00,2025-12-29 14:00:00+00:00,2025-12-29 20:00:00+00:00,2025-12-29 20:00:00+00:00,2025-12-30 08:00:00+00:00,2025-12-29 17:30:00 IST,2025-12-26 20:30:00 IST,2025-12-29 19:30:00 IST,2025-12-30 01:30:00 IST,2025-12-30 01:30:00 IST,2025-12-30 13:30:00 IST,87356.0,86628.5,727.5,0.8345,87356.0,86628.5,87174.125,86628.5,87697.16975,0.6259,55.92,55.92,A,1.0,803.5,0.9198,1.1045,0,1,8,8.0,1,35.0,33.55,0.061276734264740666,29.08,1.3697592578236426,76.59591783092583,0.459575506985555,0.3982987727208143,1.7680580305444569,FILLED_TP,TP_HIT,False,12,12.0,0.9586,30.3265,1h,Fixed +0.60% TP reached at 87697.169750.
85,BTCUSD,LONG,2025-12-30 20:00:00+00:00,2025-12-30 08:00:00+00:00,2025-12-31 11:00:00+00:00,2025-12-31 15:00:00+00:00,2025-12-31 15:00:00+00:00,2025-12-31 16:00:00+00:00,2025-12-31 01:30:00 IST,2025-12-30 13:30:00 IST,2025-12-31 16:30:00 IST,2025-12-31 20:30:00 IST,2025-12-31 20:30:00 IST,2025-12-31 21:30:00 IST,88196.5,87464.0,732.5,0.8323,88196.5,87464.0,88013.375,87464.0,88541.45525,0.6242,56.07,56.07,A,1.0,812.5,0.9212,1.1092,13,1,19,19.0,1,35.0,33.64,0.07931116496007247,-39.49,1.7680580305444569,99.13895620009059,-0.6188203106905599,-0.6981314756506324,1.0699265548938244,FILLED_SL,SL_HIT,False,1,1.0,-1.0,29.3265,1h,Distal SL breached at 87464.000000.
86,BTCUSD,SHORT,2025-12-29 03:00:00+00:00,2025-12-22 12:00:00+00:00,2025-12-29 09:00:00+00:00,2026-01-02 14:00:00+00:00,2026-01-02 14:00:00+00:00,2026-01-02 15:00:00+00:00,2025-12-29 08:30:00 IST,2025-12-22 17:30:00 IST,2025-12-29 14:30:00 IST,2026-01-02 19:30:00 IST,2026-01-02 19:30:00 IST,2026-01-02 20:30:00 IST,90585.0,89820.5,764.5,0.8493,89820.5,90585.0,90011.625,90585.0,89471.55525,0.637,54.94,54.94,A,1.0,2096.5,2.3341,2.7423,2,3,107,107.0,1,35.0,32.97,0.04702966085765956,28.57,1.0699265548938244,58.78707607207445,0.3527224564324467,0.3056927955747871,1.3756193504686114,FILLED_TP,TP_HIT,False,1,1.0,0.9419,30.2685,1h,Fixed +0.60% TP reached at 89471.555250.
87,BTCUSD,SHORT,2026-01-08 17:00:00+00:00,2026-01-08 01:00:00+00:00,2026-01-08 19:00:00+00:00,2026-01-08 22:00:00+00:00,2026-01-08 22:00:00+00:00,2026-01-09 01:00:00+00:00,2026-01-08 22:30:00 IST,2026-01-08 06:30:00 IST,2026-01-09 00:30:00 IST,2026-01-09 03:30:00 IST,2026-01-09 03:30:00 IST,2026-01-09 06:30:00 IST,91660.0,91268.0,392.0,0.429,91268.0,91660.0,91366.0,91660.0,90817.804,0.3218,108.77,100.0,A,1.0,506.0,0.5544,1.2908,0,1,5,5.0,1,32.18,60.0,0.11004954803748893,52.0,1.3756193504686114,137.56193504686115,0.8253716102811668,0.7153220622436779,2.090941412712289,FILLED_TP,TP_HIT,False,3,3.0,1.8646,32.1331,1h,Fixed +0.60% TP reached at 90817.804000.
88,BTCUSD,SHORT,2026-01-21 19:00:00+00:00,2026-01-21 15:00:00+00:00,2026-01-22 15:00:00+00:00,2026-01-23 02:00:00+00:00,2026-01-23 02:00:00+00:00,2026-01-23 06:00:00+00:00,2026-01-22 00:30:00 IST,2026-01-21 20:30:00 IST,2026-01-22 20:30:00 IST,2026-01-23 07:30:00 IST,2026-01-23 07:30:00 IST,2026-01-23 11:30:00 IST,90540.0,89713.5,826.5,0.9191,89713.5,90540.0,89920.125,90540.0,89380.60425,0.6894,50.77,50.77,A,1.0,1231.0,1.3721,1.4894,1,18,31,31.0,1,35.0,30.46,0.08492834796637125,26.4,2.090941412712289,106.16043495796406,0.6369626097477843,0.552034261781413,2.642975674493702,FILLED_TP,TP_HIT,False,4,4.0,0.8704,33.0034,1h,Fixed +0.60% TP reached at 89380.604250.
89,BTCUSD,LONG,2026-01-26 20:00:00+00:00,2026-01-26 17:00:00+00:00,2026-01-26 23:00:00+00:00,2026-01-27 15:00:00+00:00,2026-01-27 15:00:00+00:00,2026-01-27 16:00:00+00:00,2026-01-27 01:30:00 IST,2026-01-26 22:30:00 IST,2026-01-27 04:30:00 IST,2026-01-27 20:30:00 IST,2026-01-27 20:30:00 IST,2026-01-27 21:30:00 IST,87764.5,86995.0,769.5,0.8787,87764.5,86995.0,87572.125,86995.0,88097.55775,0.659,53.11,53.11,A,1.0,874.5,0.9964,1.1365,2,1,19,19.0,1,35.0,31.87,0.11229158140583427,27.62,2.642975674493702,140.36447675729283,0.842186860543757,0.7298952791379227,3.372870953631625,FILLED_TP,TP_HIT,False,1,1.0,0.9104,33.9139,1h,Fixed +0.60% TP reached at 88097.557750.
90,BTCUSD,SHORT,2026-02-03 03:00:00+00:00,2026-02-03 01:00:00+00:00,2026-02-03 05:00:00+00:00,2026-02-03 07:00:00+00:00,2026-02-03 07:00:00+00:00,2026-02-03 09:00:00+00:00,2026-02-03 08:30:00 IST,2026-02-03 06:30:00 IST,2026-02-03 10:30:00 IST,2026-02-03 12:30:00 IST,2026-02-03 12:30:00 IST,2026-02-03 14:30:00 IST,79171.0,78684.5,486.5,0.6173,78684.5,79171.0,78806.125,79171.0,78333.28825,0.463,75.59,75.59,A,1.0,493.5,0.6272,1.0144,0,1,4,4.0,1,35.0,45.36,0.20397344075262394,39.31,3.372870953631625,254.9668009407799,1.5298008056446795,1.3258273648920555,4.698698318523681,FILLED_TP,TP_HIT,False,2,2.0,1.2959,35.2098,1h,Fixed +0.60% TP reached at 78333.288250.
91,BTCUSD,SHORT,2026-02-06 22:00:00+00:00,2026-02-05 09:00:00+00:00,2026-02-07 00:00:00+00:00,2026-02-07 04:00:00+00:00,2026-02-07 04:00:00+00:00,2026-02-07 05:00:00+00:00,2026-02-07 03:30:00 IST,2026-02-05 14:30:00 IST,2026-02-07 05:30:00 IST,2026-02-07 09:30:00 IST,2026-02-07 09:30:00 IST,2026-02-07 10:30:00 IST,71950.0,71013.5,936.5,1.3144,71013.5,71950.0,71247.625,71950.0,70820.13925,0.9858,35.5,35.5,A,1.0,1331.0,1.8743,1.4212,1,1,6,6.0,1,35.0,21.3,0.13345564238500177,18.46,4.698698318523681,166.8195529812522,1.0009173178875133,0.8674616755025115,5.566159994026192,FILLED_TP,TP_HIT,False,1,1.0,0.6086,35.8184,1h,Fixed +0.60% TP reached at 70820.139250.
92,BTCUSD,SHORT,2026-02-19 18:00:00+00:00,2026-02-19 07:00:00+00:00,2026-02-19 19:00:00+00:00,2026-02-19 20:00:00+00:00,2026-02-19 20:00:00+00:00,2026-02-19 22:00:00+00:00,2026-02-19 23:30:00 IST,2026-02-19 12:30:00 IST,2026-02-20 00:30:00 IST,2026-02-20 01:30:00 IST,2026-02-20 01:30:00 IST,2026-02-20 03:30:00 IST,67308.5,67008.0,300.5,0.448,67008.0,67308.5,67083.125,67308.5,66680.62625,0.336,104.18,100.0,A,1.0,333.5,0.4977,1.1098,0,1,2,2.0,1,33.6,60.0,0.4452927995220954,52.0,5.566159994026192,556.6159994026192,3.339695996415715,2.8944031968936197,8.460563190919812,FILLED_TP,TP_HIT,False,2,2.0,1.7859,37.6043,1h,Fixed +0.60% TP reached at 66680.626250.
93,BTCUSD,SHORT,2026-02-21 20:00:00+00:00,2026-02-17 02:00:00+00:00,2026-02-22 14:00:00+00:00,2026-02-25 17:00:00+00:00,2026-02-25 17:00:00+00:00,2026-02-25 18:00:00+00:00,2026-02-22 01:30:00 IST,2026-02-17 07:30:00 IST,2026-02-22 19:30:00 IST,2026-02-25 22:30:00 IST,2026-02-25 22:30:00 IST,2026-02-25 23:30:00 IST,69226.0,68356.5,869.5,1.268,68356.5,69226.0,68573.875,69226.0,68162.43175,0.951,36.8,36.8,A,1.0,1029.5,1.5061,1.184,16,0,93,93.0,1,35.0,22.08,0.24910654974344826,-37.94,8.460563190919812,311.3831871793103,-2.961197116821934,-3.2103036665653826,5.25025952435443,FILLED_SL,SL_HIT,False,1,1.0,-1.0,36.6043,1h,Distal SL breached at 69226.000000.
94,BTCUSD,SHORT,2026-02-16 21:00:00+00:00,2026-02-16 12:00:00+00:00,2026-02-17 10:00:00+00:00,2026-02-25 19:00:00+00:00,2026-02-25 19:00:00+00:00,2026-02-25 20:00:00+00:00,2026-02-17 02:30:00 IST,2026-02-16 17:30:00 IST,2026-02-17 15:30:00 IST,2026-02-26 00:30:00 IST,2026-02-26 00:30:00 IST,2026-02-26 01:30:00 IST,69831.5,68775.5,1056.0,1.5296,68775.5,69831.5,69039.5,69831.5,68625.263,1.1472,30.51,30.51,A,1.0,1100.5,1.6001,1.0421,7,1,214,214.0,1,35.0,18.31,0.12814783065766028,15.87,5.25025952435443,160.18478832207535,0.961108729932452,0.8329608992747917,6.083220423629221,FILLED_TP,TP_HIT,False,1,1.0,0.523,37.1273,1h,Fixed +0.60% TP reached at 68625.263000.
95,BTCUSD,SHORT,2026-03-08 10:00:00+00:00,2026-03-07 11:00:00+00:00,2026-03-08 11:00:00+00:00,2026-03-09 05:00:00+00:00,2026-03-09 05:00:00+00:00,2026-03-09 06:00:00+00:00,2026-03-08 15:30:00 IST,2026-03-07 16:30:00 IST,2026-03-08 16:30:00 IST,2026-03-09 10:30:00 IST,2026-03-09 10:30:00 IST,2026-03-09 11:30:00 IST,68210.5,67816.0,394.5,0.5809,67816.0,68210.5,67914.625,68210.5,67507.13725,0.4357,80.34,80.34,A,1.0,432.5,0.6378,1.0963,0,0,19,19.0,1,35.0,48.2,0.3909728685481149,41.78,6.083220423629221,488.71608568514364,2.9322965141108615,2.5413236455627466,8.624544069191968,FILLED_TP,TP_HIT,False,1,1.0,1.3772,38.5045,1h,Fixed +0.60% TP reached at 67507.137250.
96,BTCUSD,SHORT,2026-03-06 07:00:00+00:00,2026-03-05 21:00:00+00:00,2026-03-06 09:00:00+00:00,2026-03-10 09:00:00+00:00,2026-03-10 09:00:00+00:00,2026-03-10 10:00:00+00:00,2026-03-06 12:30:00 IST,2026-03-06 02:30:00 IST,2026-03-06 14:30:00 IST,2026-03-10 14:30:00 IST,2026-03-10 14:30:00 IST,2026-03-10 15:30:00 IST,71538.0,70993.0,545.0,0.7662,70993.0,71538.0,71129.25,71538.0,70702.4745,0.5747,60.91,60.91,A,1.0,728.5,1.0262,1.3367,1,0,98,98.0,1,35.0,36.54,0.4202276656768205,31.67,8.624544069191968,525.2845820960256,3.1517074925761532,2.7314798268993328,11.356023896091301,FILLED_TP,TP_HIT,False,1,1.0,1.0441,39.5486,1h,Fixed +0.60% TP reached at 70702.474500.
97,BTCUSD,LONG,2026-03-10 03:00:00+00:00,2026-03-09 19:00:00+00:00,2026-03-10 08:00:00+00:00,2026-03-11 11:00:00+00:00,2026-03-11 11:00:00+00:00,2026-03-11 12:00:00+00:00,2026-03-10 08:30:00 IST,2026-03-10 00:30:00 IST,2026-03-10 13:30:00 IST,2026-03-11 16:30:00 IST,2026-03-11 16:30:00 IST,2026-03-11 17:30:00 IST,69499.0,68334.5,1164.5,1.6826,69499.0,68334.5,69207.875,68334.5,69623.12225,1.262,27.73,27.73,A,1.0,1557.5,2.241,1.3375,4,0,32,32.0,1,35.0,16.64,0.25196434411719587,14.42,11.356023896091301,314.9554301464948,1.8897325808789687,1.6377682367617727,12.993792132853073,FILLED_TP,TP_HIT,False,1,1.0,0.4755,40.0241,1h,Fixed +0.60% TP reached at 69623.122250.
98,BTCUSD,LONG,2026-03-12 02:00:00+00:00,2026-03-11 12:00:00+00:00,2026-03-12 11:00:00+00:00,2026-03-12 14:00:00+00:00,2026-03-12 14:00:00+00:00,2026-03-12 15:00:00+00:00,2026-03-12 07:30:00 IST,2026-03-11 17:30:00 IST,2026-03-12 16:30:00 IST,2026-03-12 19:30:00 IST,2026-03-12 19:30:00 IST,2026-03-12 20:30:00 IST,69751.5,68940.0,811.5,1.1668,69751.5,68940.0,69548.625,68940.0,69965.91675,0.8751,40.0,40.0,A,1.0,1011.5,1.4501,1.2465,2,6,12,12.0,1,35.0,24.0,0.4157504298791697,20.8,12.993792132853073,519.6880373489621,3.118128224093772,2.7023777942146023,15.696169927067675,FILLED_TP,TP_HIT,False,1,1.0,0.6856,40.7097,1h,Fixed +0.60% TP reached at 69965.916750.
99,BTCUSD,LONG,2026-03-17 10:00:00+00:00,2026-03-16 16:00:00+00:00,2026-03-17 15:00:00+00:00,2026-03-18 00:00:00+00:00,2026-03-18 00:00:00+00:00,2026-03-18 01:00:00+00:00,2026-03-17 15:30:00 IST,2026-03-16 21:30:00 IST,2026-03-17 20:30:00 IST,2026-03-18 05:30:00 IST,2026-03-18 05:30:00 IST,2026-03-18 06:30:00 IST,73886.0,73129.0,757.0,1.0272,73886.0,73129.0,73696.75,73129.0,74138.9305,0.7704,45.43,45.43,A,1.0,978.0,1.3237,1.2919,0,5,14,14.0,1,35.0,27.26,0.5704832745052134,23.62,15.696169927067675,713.1040931315167,4.278624558789101,3.7081412842838875,19.404311211351562,FILLED_TP,TP_HIT,False,1,1.0,0.7788,41.4886,1h,Fixed +0.60% TP reached at 74138.930500.
100,BTCUSD,LONG,2026-03-28 10:00:00+00:00,2026-03-28 02:00:00+00:00,2026-03-28 13:00:00+00:00,2026-03-29 17:00:00+00:00,2026-03-29 17:00:00+00:00,2026-03-29 20:00:00+00:00,2026-03-28 15:30:00 IST,2026-03-28 07:30:00 IST,2026-03-28 18:30:00 IST,2026-03-29 22:30:00 IST,2026-03-29 22:30:00 IST,2026-03-30 01:30:00 IST,66221.0,65900.0,321.0,0.4853,66221.0,65900.0,66140.75,65900.0,66537.5945,0.364,96.15,96.15,A,1.0,909.5,1.3734,2.8333,1,0,31,31.0,1,35.0,57.69,1.4926537698467963,50.0,19.404311211351562,1865.8172123084953,11.194903273850972,9.702249504004175,29.106560715355737,FILLED_TP,TP_HIT,False,3,3.0,1.6484,43.1369,1h,Fixed +0.60% TP reached at 66537.594500.
101,BTCUSD,SHORT,2026-04-01 11:00:00+00:00,2026-03-26 20:00:00+00:00,2026-04-02 01:00:00+00:00,2026-04-05 23:00:00+00:00,2026-04-05 23:00:00+00:00,2026-04-06 00:00:00+00:00,2026-04-01 16:30:00 IST,2026-03-27 01:30:00 IST,2026-04-02 06:30:00 IST,2026-04-06 04:30:00 IST,2026-04-06 04:30:00 IST,2026-04-06 05:30:00 IST,69462.0,68408.0,1054.0,1.5348,68408.0,69462.0,68671.5,69462.0,68259.471,1.1511,30.4,30.4,A,1.0,1401.5,2.0487,1.3297,5,4,108,108.0,1,35.0,18.24,0.7079842271550595,-37.43,29.106560715355737,884.9802839438242,-10.187296250374507,-10.895280477529566,18.211280237826173,FILLED_SL,SL_HIT,False,1,1.0,-1.0,42.1369,1h,Distal SL breached at 69462.000000.
102,BTCUSD,LONG,2026-04-06 12:00:00+00:00,2026-04-06 02:00:00+00:00,2026-04-06 16:00:00+00:00,2026-04-06 22:00:00+00:00,2026-04-06 22:00:00+00:00,2026-04-06 23:00:00+00:00,2026-04-06 17:30:00 IST,2026-04-06 07:30:00 IST,2026-04-06 21:30:00 IST,2026-04-07 03:30:00 IST,2026-04-07 03:30:00 IST,2026-04-07 04:30:00 IST,69393.5,68746.5,647.0,0.9345,69393.5,68746.5,69231.75,68746.5,69647.1405,0.7009,49.94,49.94,A,1.0,928.0,1.3373,1.4343,2,2,10,10.0,1,35.0,29.96,0.727508839092085,-38.99,18.211280237826173,909.3860488651062,-6.37394808323916,-7.101456922331245,11.109823315494928,FILLED_SL,SL_HIT,False,1,1.0,-1.0,41.1369,1h,Distal SL breached at 68746.500000.
103,BTCUSD,SHORT,2026-04-16 12:00:00+00:00,2026-04-16 02:00:00+00:00,2026-04-16 13:00:00+00:00,2026-04-16 15:00:00+00:00,2026-04-16 15:00:00+00:00,2026-04-16 16:00:00+00:00,2026-04-16 17:30:00 IST,2026-04-16 07:30:00 IST,2026-04-16 18:30:00 IST,2026-04-16 20:30:00 IST,2026-04-16 20:30:00 IST,2026-04-16 21:30:00 IST,75240.0,74563.5,676.5,0.9052,74563.5,75240.0,74732.625,75240.0,74284.22925,0.6789,51.55,51.55,A,1.0,1299.0,1.7421,1.9202,0,1,3,3.0,1,35.0,30.93,0.4581907912350411,26.81,11.109823315494928,572.7384890438013,3.4364309342628077,2.9782401430277665,14.088063458522695,FILLED_TP,TP_HIT,False,1,1.0,0.8838,42.0207,1h,Fixed +0.60% TP reached at 74284.229250.
104,BTCUSD,LONG,2026-04-23 18:00:00+00:00,2026-04-23 10:00:00+00:00,2026-04-26 21:00:00+00:00,2026-04-27 06:00:00+00:00,2026-04-27 06:00:00+00:00,2026-04-27 09:00:00+00:00,2026-04-23 23:30:00 IST,2026-04-23 15:30:00 IST,2026-04-27 02:30:00 IST,2026-04-27 11:30:00 IST,2026-04-27 11:30:00 IST,2026-04-27 14:30:00 IST,77678.5,76805.0,873.5,1.1277,77678.5,76805.0,77460.125,76805.0,77924.88575,0.8458,41.38,41.38,A,1.0,1259.0,1.6208,1.4413,26,29,84,84.0,1,35.0,24.83,0.46640516515386854,21.52,14.088063458522695,583.0064564423357,3.4980387386540137,3.0316335735001454,17.11969703202284,FILLED_TP,TP_HIT,False,3,3.0,0.7094,42.7301,1h,Fixed +0.60% TP reached at 77924.885750.
105,BTCUSD,LONG,2026-05-03 01:00:00+00:00,2026-05-02 05:00:00+00:00,2026-05-03 07:00:00+00:00,2026-05-16 07:00:00+00:00,2026-05-16 07:00:00+00:00,2026-05-16 09:00:00+00:00,2026-05-03 06:30:00 IST,2026-05-02 10:30:00 IST,2026-05-03 12:30:00 IST,2026-05-16 12:30:00 IST,2026-05-16 12:30:00 IST,2026-05-16 14:30:00 IST,78200.5,77991.0,209.5,0.2681,78200.5,77991.0,78148.125,77991.0,78617.01375,0.2011,174.08,100.0,A,1.0,213.0,0.2724,1.0167,1,5,318,318.0,1,20.11,60.0,1.3695757625618274,-28.11,17.11969703202284,1711.969703202284,-3.442094607076739,-4.811670369638566,12.308026662384275,FILLED_SL,SL_HIT,False,2,2.0,-1.0,41.7301,1h,Distal SL breached at 77991.000000.
106,BTCUSD,LONG,2026-05-26 01:00:00+00:00,2026-05-24 21:00:00+00:00,2026-05-26 10:00:00+00:00,2026-05-26 15:00:00+00:00,2026-05-26 15:00:00+00:00,2026-05-26 17:00:00+00:00,2026-05-26 06:30:00 IST,2026-05-25 02:30:00 IST,2026-05-26 15:30:00 IST,2026-05-26 20:30:00 IST,2026-05-26 20:30:00 IST,2026-05-26 22:30:00 IST,76721.0,76060.0,661.0,0.8634,76721.0,76060.0,76555.75,76060.0,77015.0845,0.6476,54.05,54.05,A,1.0,880.0,1.147,1.3313,1,3,14,14.0,1,35.0,32.43,0.5321836800897045,-39.32,12.308026662384275,665.2296001121306,-4.307809331834496,-4.8399930119242,7.468033650460075,FILLED_SL,SL_HIT,False,2,2.0,-1.0,40.7301,1h,Distal SL breached at 76060.000000.
107,BTCUSD,SHORT,2026-06-18 07:00:00+00:00,2026-06-18 01:00:00+00:00,2026-06-18 10:00:00+00:00,2026-06-21 04:00:00+00:00,2026-06-21 04:00:00+00:00,2026-06-21 08:00:00+00:00,2026-06-18 12:30:00 IST,2026-06-18 06:30:00 IST,2026-06-18 15:30:00 IST,2026-06-21 09:30:00 IST,2026-06-21 09:30:00 IST,2026-06-21 13:30:00 IST,64786.5,64435.0,351.5,0.5448,64435.0,64786.5,64522.875,64786.5,64135.73775,0.4086,85.66,85.66,A,1.0,548.0,0.8505,1.559,1,1,69,69.0,1,35.0,51.4,0.5117895513810912,44.54,7.468033650460075,639.7369392263639,3.8384216353581833,3.326632083977092,10.794665734437167,FILLED_TP,TP_HIT,False,4,4.0,1.4685,42.1986,1h,Fixed +0.60% TP reached at 64135.737750.
108,BTCUSD,LONG,2026-06-21 08:00:00+00:00,2026-06-20 17:00:00+00:00,2026-06-21 10:00:00+00:00,2026-06-21 12:00:00+00:00,2026-06-21 12:00:00+00:00,2026-06-21 15:00:00+00:00,2026-06-21 13:30:00 IST,2026-06-20 22:30:00 IST,2026-06-21 15:30:00 IST,2026-06-21 17:30:00 IST,2026-06-21 17:30:00 IST,2026-06-21 20:30:00 IST,64021.0,63694.0,327.0,0.5114,64021.0,63694.0,63939.25,63694.0,64322.8855,0.3836,91.25,91.25,A,1.0,370.5,0.5787,1.133,1,1,4,4.0,1,35.0,54.75,0.7879991547277115,47.45,10.794665734437167,984.9989434096393,5.909993660457836,5.121994505730124,15.916660240167293,FILLED_TP,TP_HIT,False,3,3.0,1.5643,43.7629,1h,Fixed +0.60% TP reached at 64322.885500.
109,BTCUSD,LONG,2026-06-10 21:00:00+00:00,2026-06-10 09:00:00+00:00,2026-06-11 01:00:00+00:00,2026-06-24 14:00:00+00:00,2026-06-24 14:00:00+00:00,2026-06-24 15:00:00+00:00,2026-06-11 02:30:00 IST,2026-06-10 14:30:00 IST,2026-06-11 06:30:00 IST,2026-06-24 19:30:00 IST,2026-06-24 19:30:00 IST,2026-06-24 20:30:00 IST,61403.0,60706.0,697.0,1.1384,61403.0,60706.0,61228.75,60706.0,61596.1225,0.8538,40.99,40.99,A,1.0,948.5,1.5447,1.3608,2,2,329,329.0,1,35.0,24.6,0.5220009928081112,-38.28,15.916660240167293,652.501241010139,-5.570831084058552,-6.092832076866664,9.823828163300629,FILLED_SL,SL_HIT,False,1,1.0,-1.0,42.7629,1h,Distal SL breached at 60706.000000.
110,BTCUSD,LONG,2026-06-25 13:00:00+00:00,2024-09-17 00:00:00+00:00,2026-06-25 14:00:00+00:00,2026-07-01 01:00:00+00:00,2026-07-01 01:00:00+00:00,2026-07-01 02:00:00+00:00,2026-06-25 18:30:00 IST,2024-09-17 05:30:00 IST,2026-06-25 19:30:00 IST,2026-07-01 06:30:00 IST,2026-07-01 06:30:00 IST,2026-07-01 07:30:00 IST,58343.5,57611.5,732.0,1.2586,58343.5,57611.5,58160.5,57611.5,58509.463,0.9439,37.08,37.08,A,1.0,2127.5,3.6465,2.9064,0,0,132,132.0,1,35.0,22.25,0.29140337378808917,19.28,9.823828163300629,364.2542172351114,2.1855253034106683,1.894121929622579,11.717950092923207,FILLED_TP,TP_HIT,False,1,1.0,0.6356,43.3985,1h,Fixed +0.60% TP reached at 58509.463000.
111,BTCUSD,LONG,2026-07-08 14:00:00+00:00,2026-07-06 13:00:00+00:00,2026-07-09 06:00:00+00:00,2026-07-13 18:00:00+00:00,2026-07-13 18:00:00+00:00,2026-07-13 19:00:00+00:00,2026-07-08 19:30:00 IST,2026-07-06 18:30:00 IST,2026-07-09 11:30:00 IST,2026-07-13 23:30:00 IST,2026-07-13 23:30:00 IST,2026-07-14 00:30:00 IST,62029.5,61303.5,726.0,1.1738,62029.5,61303.5,61848.0,61303.5,62219.088,0.8804,39.76,39.76,A,1.0,934.0,1.5057,1.2865,7,5,124,124.0,1,35.0,23.85,0.37268117108758875,20.67,11.717950092923207,465.85146385948593,2.7951087831569152,2.4224276120693267,14.140377704992535,FILLED_TP,TP_HIT,False,1,1.0,0.6815,44.08,1h,Fixed +0.60% TP reached at 62219.088000.
112,BTCUSD,LONG,2026-07-15 01:00:00+00:00,2026-07-14 17:00:00+00:00,2026-07-15 06:00:00+00:00,2026-07-15 07:00:00+00:00,2026-07-15 07:00:00+00:00,2026-07-15 12:00:00+00:00,2026-07-15 06:30:00 IST,2026-07-14 22:30:00 IST,2026-07-15 11:30:00 IST,2026-07-15 12:30:00 IST,2026-07-15 12:30:00 IST,2026-07-15 17:30:00 IST,64710.5,64284.0,426.5,0.6602,64710.5,64284.0,64603.875,64284.0,64991.49825,0.4951,70.69,70.69,A,1.0,556.5,0.86,1.3048,1,3,6,6.0,1,35.0,42.41,0.7996451558818753,36.76,14.140377704992535,999.5564448523442,5.997338669114064,5.197693513232188,19.338071218224723,FILLED_TP,TP_HIT,False,5,5.0,1.2118,45.2918,1h,Fixed +0.60% TP reached at 64991.498250.
113,BTCUSD,SHORT,2026-07-16 15:00:00+00:00,2026-07-16 05:00:00+00:00,2026-07-16 17:00:00+00:00,2026-07-18 20:00:00+00:00,2026-07-18 20:00:00+00:00,2026-07-19 12:00:00+00:00,2026-07-16 20:30:00 IST,2026-07-16 10:30:00 IST,2026-07-16 22:30:00 IST,2026-07-19 01:30:00 IST,2026-07-19 01:30:00 IST,2026-07-19 17:30:00 IST,64981.0,64580.5,400.5,0.6192,64580.5,64981.0,64680.625,64981.0,64292.54125,0.4644,75.37,75.37,A,1.0,616.5,0.9546,1.5393,1,1,53,53.0,1,35.0,45.22,1.1659545206924686,39.19,19.338071218224723,1457.4431508655857,8.744658905193514,7.578704384501045,26.916775602725767,FILLED_TP,TP_HIT,False,16,16.0,1.292,46.5838,1h,Fixed +0.60% TP reached at 64292.541250.
114,BTCUSD,SHORT,2026-07-15 17:00:00+00:00,2026-06-22 14:00:00+00:00,2026-07-16 08:00:00+00:00,2026-07-20 00:00:00+00:00,2026-07-20 00:00:00+00:00,2026-07-20 01:00:00+00:00,2026-07-15 22:30:00 IST,2026-06-22 19:30:00 IST,2026-07-16 13:30:00 IST,2026-07-20 05:30:00 IST,2026-07-20 05:30:00 IST,2026-07-20 06:30:00 IST,65603.0,64810.0,793.0,1.2198,64810.0,65603.0,65008.25,65603.0,64618.2005,0.9149,38.26,38.26,A,1.0,961.0,1.4828,1.2119,5,2,103,103.0,1,35.0,22.95,0.8237872950336296,19.89,26.916775602725767,1029.734118792037,6.17840471275222,5.354617417718591,32.27139302044436,FILLED_TP,TP_HIT,False,1,1.0,0.6558,47.2396,1h,Fixed +0.60% TP reached at 64618.200500.
115,BTCUSD,SHORT,2026-08-06 14:00:00+00:00,2026-08-06 05:00:00+00:00,2026-08-06 18:00:00+00:00,2026-08-07 09:00:00+00:00,2026-08-07 09:00:00+00:00,2026-08-07 11:00:00+00:00,2026-08-06 19:30:00 IST,2026-08-06 10:30:00 IST,2026-08-06 23:30:00 IST,2026-08-07 14:30:00 IST,2026-08-07 14:30:00 IST,2026-08-07 16:30:00 IST,64978.0,64701.5,276.5,0.4269,64701.5,64978.0,64770.625,64978.0,64382.00125,0.3202,109.32,100.0,A,1.0,352.0,0.544,1.2731,1,2,19,19.0,1,32.02,60.0,2.581711441635549,-40.02,32.27139302044436,3227.1393020444357,-10.332276595470011,-12.913988037105561,19.357404983338796,FILLED_SL,SL_HIT,False,2,2.0,-1.0,46.2396,1h,Distal SL breached at 64978.000000.
116,BTCUSD,LONG,2026-08-06 22:00:00+00:00,2026-08-05 13:00:00+00:00,2026-08-07 09:00:00+00:00,2026-08-10 15:00:00+00:00,2026-08-10 15:00:00+00:00,2026-08-10 16:00:00+00:00,2026-08-07 03:30:00 IST,2026-08-05 18:30:00 IST,2026-08-07 14:30:00 IST,2026-08-10 20:30:00 IST,2026-08-10 20:30:00 IST,2026-08-10 21:30:00 IST,64393.5,63852.5,541.0,0.8419,64393.5,63852.5,64258.25,63852.5,64643.7995,0.6314,55.43,55.43,A,1.0,552.5,0.858,1.0213,1,7,89,89.0,1,35.0,33.26,0.8583719809138053,-39.43,19.357404983338796,1072.9649761422565,-6.775091744168578,-7.633463725082383,11.723941258256414,FILLED_SL,SL_HIT,False,1,1.0,-1.0,45.2396,1h,Distal SL breached at 63852.500000.
117,BTCUSD,LONG,2026-08-03 12:00:00+00:00,2026-08-01 18:00:00+00:00,2026-08-03 13:00:00+00:00,2026-08-14 13:00:00+00:00,2026-08-14 13:00:00+00:00,2026-08-14 15:00:00+00:00,2026-08-03 17:30:00 IST,2026-08-01 23:30:00 IST,2026-08-03 18:30:00 IST,2026-08-14 18:30:00 IST,2026-08-14 18:30:00 IST,2026-08-14 20:30:00 IST,62717.5,62245.0,472.5,0.7548,62717.5,62245.0,62599.375,62245.0,62974.97125,0.5661,61.83,61.83,A,1.0,657.5,1.0484,1.3915,0,1,265,265.0,1,35.0,37.1,0.5798806086349155,32.15,11.723941258256414,724.8507607936444,4.349104564761867,3.7692239561269516,15.493165214383366,FILLED_TP,TP_HIT,False,2,2.0,1.0599,46.2995,1h,Fixed +0.60% TP reached at 62974.971250.
118,BTCUSD,SHORT,2026-06-01 02:00:00+00:00,2026-06-01 00:00:00+00:00,2026-06-01 06:00:00+00:00,2026-08-21 00:00:00+00:00,2026-08-21 00:00:00+00:00,2026-08-21 01:00:00+00:00,2026-06-01 07:30:00 IST,2026-06-01 05:30:00 IST,2026-06-01 11:30:00 IST,2026-08-21 05:30:00 IST,2026-08-21 05:30:00 IST,2026-08-21 06:30:00 IST,74078.0,73627.0,451.0,0.6116,73627.0,74078.0,73739.75,74078.0,73297.3115,0.4587,76.3,76.3,A,1.0,700.5,0.9514,1.5532,2,2,1942,1942.0,1,35.0,45.78,0.9457188360468625,-41.1,15.493165214383366,1182.148545058578,-5.422607825034178,-6.36832666108104,9.124838553302325,FILLED_SL,SL_HIT,False,1,1.0,-1.0,45.2995,1h,Distal SL breached at 74078.000000.
119,BTCUSD,SHORT,2026-08-24 02:00:00+00:00,2026-08-23 21:00:00+00:00,2026-08-24 04:00:00+00:00,2026-08-24 07:00:00+00:00,2026-08-24 07:00:00+00:00,2026-08-24 08:00:00+00:00,2026-08-24 07:30:00 IST,2026-08-24 02:30:00 IST,2026-08-24 09:30:00 IST,2026-08-24 12:30:00 IST,2026-08-24 12:30:00 IST,2026-08-24 13:30:00 IST,78030.0,77402.5,627.5,0.8091,77402.5,78030.0,77559.375,78030.0,77094.01875,0.6068,57.68,57.68,A,1.0,744.0,0.9612,1.1857,1,0,5,5.0,1,35.0,34.61,0.4210585860241362,29.99,9.124838553302325,526.3232325301702,3.157939395181022,2.7368808091568857,11.861719362459212,FILLED_TP,TP_HIT,False,1,1.0,0.9888,46.2883,1h,Fixed +0.60% TP reached at 77094.018750.
