asset,direction,setup_time,setup_time_ist,first_touch_time,first_touch_time_ist,bars_from_touch_to_old_entry,old_entry_time,old_entry_time_ist,old_exit_time,old_exit_time_ist,entry_price,sl_price,tp_price,leverage,old_outcome,old_realized_r,old_net_pnl,removal_reason,capital_impact_type
SOLUSD,LONG,2024-06-20 16:00:00+00:00,2024-06-20 21:30:00 IST,2024-06-20 17:00:00+00:00,2024-06-20 22:30:00 IST,7,2024-06-21 00:00:00+00:00,2024-06-21 05:30:00 IST,2024-06-21 00:00:00+00:00,2024-06-21 05:30:00 IST,132.284,130.418,133.0777,24.81,FILLED_TP,0.4254,0.024698822657811384,Failed to reach 25% entry within 3 candles of first touch,MISSED_WIN
ETHUSD,LONG,2024-06-22 23:00:00+00:00,2024-06-23 04:30:00 IST,2024-06-23 00:00:00+00:00,2024-06-23 05:30:00 IST,14,2024-06-23 14:00:00+00:00,2024-06-23 19:30:00 IST,2024-06-23 20:00:00+00:00,2024-06-24 01:30:00 IST,3487.6375,3455.65,3508.5633,38.16,FILLED_SL,-1.0,-0.09962792499378376,Failed to reach 25% entry within 3 candles of first touch,SAVED_LOSS
XRPUSD,LONG,2024-06-28 07:00:00+00:00,2024-06-28 12:30:00 IST,2024-06-28 10:00:00+00:00,2024-06-28 15:30:00 IST,5,2024-06-28 15:00:00+00:00,2024-06-28 20:30:00 IST,2024-06-28 15:00:00+00:00,2024-06-28 20:30:00 IST,0.4756,0.4721,0.4785,47.23,FILLED_TP,0.8096,0.008286913434826489,Failed to reach 25% entry within 3 candles of first touch,MISSED_WIN
ETHUSD,LONG,2024-07-07 07:00:00+00:00,2024-07-07 12:30:00 IST,2024-07-07 08:00:00+00:00,2024-07-07 13:30:00 IST,4,2024-07-07 12:00:00+00:00,2024-07-07 17:30:00 IST,2024-07-07 12:00:00+00:00,2024-07-07 17:30:00 IST,3000.7,2984.95,3018.7042,66.68,FILLED_TP,1.1431,0.004796377646412685,Failed to reach 25% entry within 3 candles of first touch,MISSED_WIN
ETHUSD,SHORT,2024-07-17 09:00:00+00:00,2024-07-17 14:30:00 IST,2024-07-17 10:00:00+00:00,2024-07-17 15:30:00 IST,54,2024-07-19 16:00:00+00:00,2024-07-19 21:30:00 IST,2024-07-19 16:00:00+00:00,2024-07-19 21:30:00 IST,3498.075,3522.3,3477.0865,50.54,FILLED_TP,0.8664,0.0006437777231993168,Failed to reach 25% entry within 3 candles of first touch,MISSED_WIN
SOLUSD,SHORT,2024-07-31 01:00:00+00:00,2024-07-31 06:30:00 IST,2024-07-31 02:00:00+00:00,2024-07-31 07:30:00 IST,4,2024-07-31 06:00:00+00:00,2024-07-31 11:30:00 IST,2024-07-31 12:00:00+00:00,2024-07-31 17:30:00 IST,182.3015,184.844,181.2077,25.1,FILLED_TP,0.4302,2.306292559385097e-05,Failed to reach 25% entry within 3 candles of first touch,MISSED_WIN
BTCUSD,SHORT,2024-08-13 21:00:00+00:00,2024-08-14 02:30:00 IST,2024-08-13 22:00:00+00:00,2024-08-14 03:30:00 IST,5,2024-08-14 03:00:00+00:00,2024-08-14 08:30:00 IST,2024-08-14 03:00:00+00:00,2024-08-14 08:30:00 IST,61208.5,61829.5,60841.249,34.5,FILLED_TP,0.5914,7.20970141195404e-07,Failed to reach 25% entry within 3 candles of first touch,MISSED_WIN
BTCUSD,SHORT,2024-08-20 09:00:00+00:00,2024-08-20 14:30:00 IST,2024-08-20 10:00:00+00:00,2024-08-20 15:30:00 IST,33,2024-08-21 19:00:00+00:00,2024-08-22 00:30:00 IST,2024-08-21 19:00:00+00:00,2024-08-22 00:30:00 IST,61053.875,61724.0,60687.5517,31.89,FILLED_TP,0.5466,2.948932231039856e-07,Failed to reach 25% entry within 3 candles of first touch,MISSED_WIN
XRPUSD,LONG,2024-08-22 02:00:00+00:00,2024-08-22 07:30:00 IST,2024-08-22 03:00:00+00:00,2024-08-22 08:30:00 IST,35,2024-08-23 14:00:00+00:00,2024-08-23 19:30:00 IST,2024-08-23 14:00:00+00:00,2024-08-23 19:30:00 IST,0.5936,0.5854,0.5971,25.41,FILLED_TP,0.4357,2.739842304532247e-07,Failed to reach 25% entry within 3 candles of first touch,MISSED_WIN
SOLUSD,SHORT,2024-09-05 04:00:00+00:00,2024-09-05 09:30:00 IST,2024-09-05 05:00:00+00:00,2024-09-05 10:30:00 IST,3,2024-09-05 08:00:00+00:00,2024-09-05 13:30:00 IST,2024-09-05 08:00:00+00:00,2024-09-05 13:30:00 IST,133.78,134.674,132.9773,52.37,FILLED_TP,0.8979,4.384365095135372e-08,Failed to reach 25% entry within 3 candles of first touch,MISSED_WIN
ETHUSD,LONG,2024-09-12 05:00:00+00:00,2024-09-12 10:30:00 IST,2024-09-12 06:00:00+00:00,2024-09-12 11:30:00 IST,3,2024-09-12 09:00:00+00:00,2024-09-12 14:30:00 IST,2024-09-12 14:00:00+00:00,2024-09-12 19:30:00 IST,2352.1,2329.45,2366.2126,36.35,FILLED_SL,-1.0,-2.5168494205517344e-08,Failed to reach 25% entry within 3 candles of first touch,SAVED_LOSS
ETHUSD,SHORT,2024-10-05 09:00:00+00:00,2024-10-05 14:30:00 IST,2024-10-05 10:00:00+00:00,2024-10-05 15:30:00 IST,23,2024-10-06 09:00:00+00:00,2024-10-06 14:30:00 IST,2024-10-06 13:00:00+00:00,2024-10-06 18:30:00 IST,2427.65,2436.5,2413.0841,96.01,FILLED_SL,-1.0,-4.018653945938104e-12,Failed to reach 25% entry within 3 candles of first touch,SAVED_LOSS
ETHUSD,SHORT,2024-10-17 15:00:00+00:00,2024-10-17 20:30:00 IST,2024-10-17 16:00:00+00:00,2024-10-17 21:30:00 IST,9,2024-10-18 01:00:00+00:00,2024-10-18 06:30:00 IST,2024-10-18 01:00:00+00:00,2024-10-18 06:30:00 IST,2632.5875,2649.2,2616.792,55.46,FILLED_SL,-1.0,-1.4775037806810161e-13,Failed to reach 25% entry within 3 candles of first touch,SAVED_LOSS
XRPUSD,SHORT,2024-10-31 10:00:00+00:00,2024-10-31 15:30:00 IST,2024-10-31 11:00:00+00:00,2024-10-31 16:30:00 IST,22,2024-11-01 09:00:00+00:00,2024-11-01 14:30:00 IST,2024-11-01 09:00:00+00:00,2024-11-01 14:30:00 IST,0.5221,0.5262,0.5189,44.3,FILLED_TP,0.7594,8.278859245219948e-17,Failed to reach 25% entry within 3 candles of first touch,MISSED_WIN
SOLUSD,LONG,2024-11-08 02:00:00+00:00,2024-11-08 07:30:00 IST,2024-11-08 03:00:00+00:00,2024-11-08 08:30:00 IST,38,2024-11-09 17:00:00+00:00,2024-11-09 22:30:00 IST,2024-11-09 17:00:00+00:00,2024-11-09 22:30:00 IST,195.8407,194.208,197.0158,41.98,FILLED_TP,0.7197,2.778541658104919e-17,Failed to reach 25% entry within 3 candles of first touch,MISSED_WIN
ETHUSD,LONG,2024-11-18 11:00:00+00:00,2024-11-18 16:30:00 IST,2024-11-18 12:00:00+00:00,2024-11-18 17:30:00 IST,54,2024-11-20 18:00:00+00:00,2024-11-20 23:30:00 IST,2024-11-20 18:00:00+00:00,2024-11-20 23:30:00 IST,3051.6375,3016.65,3069.9473,30.53,FILLED_TP,0.5233,3.994698437877722e-18,Failed to reach 25% entry within 3 candles of first touch,MISSED_WIN
SOLUSD,LONG,2024-11-23 11:00:00+00:00,2024-11-23 16:30:00 IST,2024-11-23 12:00:00+00:00,2024-11-23 17:30:00 IST,4,2024-11-23 16:00:00+00:00,2024-11-23 21:30:00 IST,2024-11-23 16:00:00+00:00,2024-11-23 21:30:00 IST,255.95,253.46,257.4857,35.98,FILLED_TP,0.6167,9.887233791911367e-19,Failed to reach 25% entry within 3 candles of first touch,MISSED_WIN
ETHUSD,SHORT,2024-12-02 18:00:00+00:00,2024-12-02 23:30:00 IST,2024-12-02 19:00:00+00:00,2024-12-03 00:30:00 IST,4,2024-12-02 23:00:00+00:00,2024-12-03 04:30:00 IST,2024-12-03 02:00:00+00:00,2024-12-03 07:30:00 IST,3636.4625,3684.65,3614.6437,26.41,FILLED_TP,0.4528,1.4436069169059888e-19,Failed to reach 25% entry within 3 candles of first touch,MISSED_WIN
XRPUSD,LONG,2024-12-07 07:00:00+00:00,2024-12-07 12:30:00 IST,2024-12-07 08:00:00+00:00,2024-12-07 13:30:00 IST,48,2024-12-09 08:00:00+00:00,2024-12-09 13:30:00 IST,2024-12-09 08:00:00+00:00,2024-12-09 13:30:00 IST,2.3956,2.3315,2.41,13.08,FILLED_TP,0.2242,3.5327082345029855e-20,Failed to reach 25% entry within 3 candles of first touch,MISSED_WIN
BTCUSD,SHORT,2024-12-14 19:00:00+00:00,2024-12-15 00:30:00 IST,2024-12-14 20:00:00+00:00,2024-12-15 01:30:00 IST,5,2024-12-15 01:00:00+00:00,2024-12-15 06:30:00 IST,2024-12-15 04:00:00+00:00,2024-12-15 09:30:00 IST,101605.25,102638.0,100995.6185,34.43,FILLED_SL,-1.0,-6.762172001384644e-20,Failed to reach 25% entry within 3 candles of first touch,SAVED_LOSS
XRPUSD,LONG,2024-12-16 04:00:00+00:00,2024-12-16 09:30:00 IST,2024-12-16 05:00:00+00:00,2024-12-16 10:30:00 IST,3,2024-12-16 08:00:00+00:00,2024-12-16 13:30:00 IST,2024-12-16 11:00:00+00:00,2024-12-16 16:30:00 IST,2.3926,2.3652,2.4069,30.59,FILLED_SL,-1.0,-2.587210463042625e-20,Failed to reach 25% entry within 3 candles of first touch,SAVED_LOSS
SOLUSD,SHORT,2024-12-30 01:00:00+00:00,2024-12-30 06:30:00 IST,2024-12-30 02:00:00+00:00,2024-12-30 07:30:00 IST,6,2024-12-30 08:00:00+00:00,2024-12-30 13:30:00 IST,2024-12-30 08:00:00+00:00,2024-12-30 13:30:00 IST,194.0225,197.6,192.8584,18.98,FILLED_TP,0.3254,3.993571870912793e-23,Failed to reach 25% entry within 3 candles of first touch,MISSED_WIN
BTCUSD,LONG,2025-01-05 01:00:00+00:00,2025-01-05 06:30:00 IST,2025-01-05 02:00:00+00:00,2025-01-05 07:30:00 IST,6,2025-01-05 08:00:00+00:00,2025-01-05 13:30:00 IST,2025-01-05 14:00:00+00:00,2025-01-05 19:30:00 IST,97959.375,97477.5,98547.1313,71.15,FILLED_SL,-1.0,-4.8996627546070204e-23,Failed to reach 25% entry within 3 candles of first touch,SAVED_LOSS
ETHUSD,SHORT,2025-01-14 09:00:00+00:00,2025-01-14 14:30:00 IST,2025-01-14 10:00:00+00:00,2025-01-14 15:30:00 IST,18,2025-01-15 04:00:00+00:00,2025-01-15 09:30:00 IST,2025-01-15 04:00:00+00:00,2025-01-15 09:30:00 IST,3244.4625,3270.0,3224.9957,44.47,FILLED_TP,0.7623,1.1413518354659772e-24,Failed to reach 25% entry within 3 candles of first touch,MISSED_WIN
ETHUSD,SHORT,2025-01-22 11:00:00+00:00,2025-01-22 16:30:00 IST,2025-01-22 12:00:00+00:00,2025-01-22 17:30:00 IST,35,2025-01-23 23:00:00+00:00,2025-01-24 04:30:00 IST,2025-01-23 23:00:00+00:00,2025-01-24 04:30:00 IST,3333.375,3366.0,3313.3747,35.76,FILLED_TP,0.613,1.1921429472760916e-24,Failed to reach 25% entry within 3 candles of first touch,MISSED_WIN
BTCUSD,LONG,2025-01-31 04:00:00+00:00,2025-01-31 09:30:00 IST,2025-01-31 05:00:00+00:00,2025-01-31 10:30:00 IST,13,2025-01-31 18:00:00+00:00,2025-01-31 23:30:00 IST,2025-01-31 18:00:00+00:00,2025-01-31 23:30:00 IST,103869.5,103229.0,104492.717,56.76,FILLED_SL,-1.0,-3.0692012625153143e-24,Failed to reach 25% entry within 3 candles of first touch,SAVED_LOSS
ETHUSD,SHORT,2025-02-05 05:00:00+00:00,2025-02-05 10:30:00 IST,2025-02-05 06:00:00+00:00,2025-02-05 11:30:00 IST,3,2025-02-05 09:00:00+00:00,2025-02-05 14:30:00 IST,2025-02-05 09:00:00+00:00,2025-02-05 14:30:00 IST,2791.6625,2844.65,2774.9125,18.44,FILLED_TP,0.3161,4.879750422879798e-25,Failed to reach 25% entry within 3 candles of first touch,MISSED_WIN
XRPUSD,LONG,2025-02-05 23:00:00+00:00,2025-02-06 04:30:00 IST,2025-02-06 00:00:00+00:00,2025-02-06 05:30:00 IST,14,2025-02-06 14:00:00+00:00,2025-02-06 19:30:00 IST,2025-02-06 14:00:00+00:00,2025-02-06 19:30:00 IST,2.367,2.3211,2.3812,18.05,FILLED_TP,0.3094,3.1325411156867695e-25,Failed to reach 25% entry within 3 candles of first touch,MISSED_WIN
BTCUSD,SHORT,2025-02-17 21:00:00+00:00,2025-02-18 02:30:00 IST,2025-02-17 22:00:00+00:00,2025-02-18 03:30:00 IST,16,2025-02-18 14:00:00+00:00,2025-02-18 19:30:00 IST,2025-02-18 14:00:00+00:00,2025-02-18 19:30:00 IST,96512.5,97000.0,95933.425,69.29,FILLED_TP,1.1878,2.287176567480352e-25,Failed to reach 25% entry within 3 candles of first touch,MISSED_WIN
XRPUSD,SHORT,2025-02-19 02:00:00+00:00,2025-02-19 07:30:00 IST,2025-02-19 03:00:00+00:00,2025-02-19 08:30:00 IST,7,2025-02-19 10:00:00+00:00,2025-02-19 15:30:00 IST,2025-02-19 10:00:00+00:00,2025-02-19 15:30:00 IST,2.5785,2.6292,2.563,17.8,FILLED_TP,0.3051,8.844454706617498e-26,Failed to reach 25% entry within 3 candles of first touch,MISSED_WIN
XRPUSD,SHORT,2025-02-23 07:00:00+00:00,2025-02-23 12:30:00 IST,2025-02-23 08:00:00+00:00,2025-02-23 13:30:00 IST,16,2025-02-24 00:00:00+00:00,2025-02-24 05:30:00 IST,2025-02-24 00:00:00+00:00,2025-02-24 05:30:00 IST,2.5915,2.6084,2.576,53.75,FILLED_TP,0.9214,1.2713721468842145e-25,Failed to reach 25% entry within 3 candles of first touch,MISSED_WIN
XRPUSD,LONG,2025-03-06 06:00:00+00:00,2025-03-06 11:30:00 IST,2025-03-06 07:00:00+00:00,2025-03-06 12:30:00 IST,17,2025-03-07 00:00:00+00:00,2025-03-07 05:30:00 IST,2025-03-07 00:00:00+00:00,2025-03-07 05:30:00 IST,2.4986,2.4687,2.5135,29.3,FILLED_SL,-1.0,-1.4355294199034152e-25,Failed to reach 25% entry within 3 candles of first touch,SAVED_LOSS
ETHUSD,LONG,2025-03-16 02:00:00+00:00,2025-03-16 07:30:00 IST,2025-03-16 03:00:00+00:00,2025-03-16 08:30:00 IST,5,2025-03-16 08:00:00+00:00,2025-03-16 13:30:00 IST,2025-03-16 09:00:00+00:00,2025-03-16 14:30:00 IST,1918.9625,1911.5,1930.4763,90.0,FILLED_SL,-1.0,-7.434024764739028e-26,Failed to reach 25% entry within 3 candles of first touch,SAVED_LOSS
BTCUSD,LONG,2025-04-18 15:00:00+00:00,2025-04-18 20:30:00 IST,2025-04-18 16:00:00+00:00,2025-04-18 21:30:00 IST,42,2025-04-20 10:00:00+00:00,2025-04-20 15:30:00 IST,2025-04-20 20:00:00+00:00,2025-04-21 01:30:00 IST,84247.5,83700.0,84752.985,53.86,FILLED_TP,0.9233,2.0856092554062254e-28,Failed to reach 25% entry within 3 candles of first touch,MISSED_WIN
ETHUSD,LONG,2025-04-25 13:00:00+00:00,2025-04-25 18:30:00 IST,2025-04-25 14:00:00+00:00,2025-04-25 19:30:00 IST,59,2025-04-28 01:00:00+00:00,2025-04-28 06:30:00 IST,2025-04-28 01:00:00+00:00,2025-04-28 06:30:00 IST,1762.2625,1738.15,1772.8361,25.58,FILLED_TP,0.4385,1.4617126483340374e-28,Failed to reach 25% entry within 3 candles of first touch,MISSED_WIN
SOLUSD,SHORT,2025-05-12 23:00:00+00:00,2025-05-13 04:30:00 IST,2025-05-13 00:00:00+00:00,2025-05-13 05:30:00 IST,11,2025-05-13 11:00:00+00:00,2025-05-13 16:30:00 IST,2025-05-13 11:00:00+00:00,2025-05-13 16:30:00 IST,174.8515,177.226,173.8024,25.77,FILLED_TP,0.4418,3.612676648075219e-30,Failed to reach 25% entry within 3 candles of first touch,MISSED_WIN
BTCUSD,LONG,2025-05-19 06:00:00+00:00,2025-05-19 11:30:00 IST,2025-05-19 07:00:00+00:00,2025-05-19 12:30:00 IST,5,2025-05-19 12:00:00+00:00,2025-05-19 17:30:00 IST,2025-05-19 12:00:00+00:00,2025-05-19 17:30:00 IST,102107.0,101322.5,102719.642,45.55,FILLED_TP,0.7809,7.822602982676688e-31,Failed to reach 25% entry within 3 candles of first touch,MISSED_WIN
XRPUSD,LONG,2025-05-27 06:00:00+00:00,2025-05-27 11:30:00 IST,2025-05-27 07:00:00+00:00,2025-05-27 12:30:00 IST,24,2025-05-28 07:00:00+00:00,2025-05-28 12:30:00 IST,2025-05-28 08:00:00+00:00,2025-05-28 13:30:00 IST,2.2854,2.2646,2.2992,38.36,FILLED_TP,0.6577,3.1509742308290893e-31,Failed to reach 25% entry within 3 candles of first touch,MISSED_WIN
BTCUSD,SHORT,2025-06-01 04:00:00+00:00,2025-06-01 09:30:00 IST,2025-06-01 05:00:00+00:00,2025-06-01 10:30:00 IST,9,2025-06-01 14:00:00+00:00,2025-06-01 19:30:00 IST,2025-06-01 16:00:00+00:00,2025-06-01 21:30:00 IST,104636.25,104868.0,104008.4325,100.0,FILLED_SL,-1.0,-7.95690247510136e-31,Failed to reach 25% entry within 3 candles of first touch,SAVED_LOSS
ETHUSD,SHORT,2025-06-01 17:00:00+00:00,2025-06-01 22:30:00 IST,2025-06-01 18:00:00+00:00,2025-06-01 23:30:00 IST,4,2025-06-01 22:00:00+00:00,2025-06-02 03:30:00 IST,2025-06-02 00:00:00+00:00,2025-06-02 05:30:00 IST,2541.5,2550.8,2526.251,95.65,FILLED_TP,1.6397,9.169374438496811e-31,Failed to reach 25% entry within 3 candles of first touch,MISSED_WIN
BTCUSD,LONG,2025-06-04 20:00:00+00:00,2025-06-05 01:30:00 IST,2025-06-04 21:00:00+00:00,2025-06-05 02:30:00 IST,9,2025-06-05 06:00:00+00:00,2025-06-05 11:30:00 IST,2025-06-05 12:00:00+00:00,2025-06-05 17:30:00 IST,104391.625,103627.0,105017.9747,47.78,FILLED_TP,0.8192,2.815557603704447e-31,Failed to reach 25% entry within 3 candles of first touch,MISSED_WIN
BTCUSD,SHORT,2025-06-06 17:00:00+00:00,2025-06-06 22:30:00 IST,2025-06-06 18:00:00+00:00,2025-06-06 23:30:00 IST,12,2025-06-07 06:00:00+00:00,2025-06-07 11:30:00 IST,2025-06-07 13:00:00+00:00,2025-06-07 18:30:00 IST,104995.375,105748.0,104365.4027,48.83,FILLED_SL,-1.0,-7.129514017496242e-31,Failed to reach 25% entry within 3 candles of first touch,SAVED_LOSS
BTCUSD,SHORT,2025-06-08 01:00:00+00:00,2025-06-08 06:30:00 IST,2025-06-08 02:00:00+00:00,2025-06-08 07:30:00 IST,10,2025-06-08 12:00:00+00:00,2025-06-08 17:30:00 IST,2025-06-08 13:00:00+00:00,2025-06-08 18:30:00 IST,105703.875,105975.0,105069.6518,100.0,FILLED_SL,-1.0,-5.726128291586249e-31,Failed to reach 25% entry within 3 candles of first touch,SAVED_LOSS
BTCUSD,SHORT,2025-06-10 02:00:00+00:00,2025-06-10 07:30:00 IST,2025-06-10 03:00:00+00:00,2025-06-10 08:30:00 IST,10,2025-06-10 13:00:00+00:00,2025-06-10 18:30:00 IST,2025-06-10 13:00:00+00:00,2025-06-10 18:30:00 IST,109824.875,110690.0,109165.9257,44.43,FILLED_TP,0.7617,3.954112015103382e-31,Failed to reach 25% entry within 3 candles of first touch,MISSED_WIN
BTCUSD,LONG,2025-06-14 20:00:00+00:00,2025-06-15 01:30:00 IST,2025-06-14 21:00:00+00:00,2025-06-15 02:30:00 IST,23,2025-06-15 20:00:00+00:00,2025-06-16 01:30:00 IST,2025-06-15 23:00:00+00:00,2025-06-16 04:30:00 IST,104753.75,104079.5,105382.2725,54.38,FILLED_TP,0.9322,8.72327557038276e-32,Failed to reach 25% entry within 3 candles of first touch,MISSED_WIN
XRPUSD,SHORT,2025-06-28 06:00:00+00:00,2025-06-28 11:30:00 IST,2025-06-28 07:00:00+00:00,2025-06-28 12:30:00 IST,5,2025-06-28 12:00:00+00:00,2025-06-28 17:30:00 IST,2025-06-28 13:00:00+00:00,2025-06-28 18:30:00 IST,2.1966,2.2125,2.1834,48.35,FILLED_TP,0.8289,2.559213541508259e-34,Failed to reach 25% entry within 3 candles of first touch,MISSED_WIN
BTCUSD,LONG,2025-06-28 13:00:00+00:00,2025-06-28 18:30:00 IST,2025-06-28 14:00:00+00:00,2025-06-28 19:30:00 IST,48,2025-06-30 14:00:00+00:00,2025-06-30 19:30:00 IST,2025-06-30 14:00:00+00:00,2025-06-30 19:30:00 IST,107017.0,106777.0,107659.102,100.0,FILLED_SL,-1.0,-3.875602654200534e-34,Failed to reach 25% entry within 3 candles of first touch,SAVED_LOSS
ETHUSD,SHORT,2025-07-13 07:00:00+00:00,2025-07-13 12:30:00 IST,2025-07-13 08:00:00+00:00,2025-07-13 13:30:00 IST,3,2025-07-13 11:00:00+00:00,2025-07-13 16:30:00 IST,2025-07-13 12:00:00+00:00,2025-07-13 17:30:00 IST,2965.25,2979.35,2947.4585,73.61,FILLED_SL,-1.0,-4.1444255967636696e-34,Failed to reach 25% entry within 3 candles of first touch,SAVED_LOSS
XRPUSD,SHORT,2025-08-10 04:00:00+00:00,2025-08-10 09:30:00 IST,2025-08-10 05:00:00+00:00,2025-08-10 10:30:00 IST,23,2025-08-11 04:00:00+00:00,2025-08-11 09:30:00 IST,2025-08-11 07:00:00+00:00,2025-08-11 12:30:00 IST,3.2739,3.2972,3.2542,49.13,FILLED_TP,0.8422,1.2958785381864977e-36,Failed to reach 25% entry within 3 candles of first touch,MISSED_WIN
XRPUSD,LONG,2025-08-18 13:00:00+00:00,2025-08-18 18:30:00 IST,2025-08-18 14:00:00+00:00,2025-08-18 19:30:00 IST,24,2025-08-19 14:00:00+00:00,2025-08-19 19:30:00 IST,2025-08-19 14:00:00+00:00,2025-08-19 19:30:00 IST,2.9516,2.905,2.9694,22.15,FILLED_TP,0.3796,3.529127163754554e-37,Failed to reach 25% entry within 3 candles of first touch,MISSED_WIN
XRPUSD,SHORT,2025-08-20 19:00:00+00:00,2025-08-21 00:30:00 IST,2025-08-20 20:00:00+00:00,2025-08-21 01:30:00 IST,42,2025-08-22 14:00:00+00:00,2025-08-22 19:30:00 IST,2025-08-22 14:00:00+00:00,2025-08-22 19:30:00 IST,2.9972,3.037,2.9792,26.34,FILLED_SL,-1.0,-4.064232292054267e-37,Failed to reach 25% entry within 3 candles of first touch,SAVED_LOSS
BTCUSD,SHORT,2025-08-31 18:00:00+00:00,2025-08-31 23:30:00 IST,2025-08-31 19:00:00+00:00,2025-09-01 00:30:00 IST,3,2025-08-31 22:00:00+00:00,2025-09-01 03:30:00 IST,2025-08-31 23:00:00+00:00,2025-09-01 04:30:00 IST,109184.875,109451.5,108529.7658,100.0,FILLED_TP,2.457,4.347741995577272e-38,Failed to reach 25% entry within 3 candles of first touch,MISSED_WIN
SOLUSD,SHORT,2025-09-05 13:00:00+00:00,2025-09-05 18:30:00 IST,2025-09-05 14:00:00+00:00,2025-09-05 19:30:00 IST,67,2025-09-08 09:00:00+00:00,2025-09-08 14:30:00 IST,2025-09-08 09:00:00+00:00,2025-09-08 14:30:00 IST,210.014,212.993,208.7539,24.67,FILLED_TP,0.423,1.7920929468219385e-38,Failed to reach 25% entry within 3 candles of first touch,MISSED_WIN
SOLUSD,SHORT,2025-09-15 21:00:00+00:00,2025-09-16 02:30:00 IST,2025-09-15 22:00:00+00:00,2025-09-16 03:30:00 IST,3,2025-09-16 01:00:00+00:00,2025-09-16 06:30:00 IST,2025-09-16 01:00:00+00:00,2025-09-16 06:30:00 IST,235.274,238.088,233.8624,29.26,FILLED_TP,0.5017,2.3566755999434815e-38,Failed to reach 25% entry within 3 candles of first touch,MISSED_WIN
SOLUSD,LONG,2025-09-17 10:00:00+00:00,2025-09-17 15:30:00 IST,2025-09-17 11:00:00+00:00,2025-09-17 16:30:00 IST,3,2025-09-17 14:00:00+00:00,2025-09-17 19:30:00 IST,2025-09-17 14:00:00+00:00,2025-09-17 19:30:00 IST,233.5372,231.226,234.9384,35.37,FILLED_TP,0.6063,2.697608430322914e-38,Failed to reach 25% entry within 3 candles of first touch,MISSED_WIN
ETHUSD,SHORT,2025-09-25 14:00:00+00:00,2025-09-25 19:30:00 IST,2025-09-25 15:00:00+00:00,2025-09-25 20:30:00 IST,26,2025-09-26 17:00:00+00:00,2025-09-26 22:30:00 IST,2025-09-26 17:00:00+00:00,2025-09-26 22:30:00 IST,4021.975,4052.5,3997.8432,46.12,FILLED_TP,0.7906,8.304808600920327e-39,Failed to reach 25% entry within 3 candles of first touch,MISSED_WIN
ETHUSD,SHORT,2025-09-30 20:00:00+00:00,2025-10-01 01:30:00 IST,2025-09-30 21:00:00+00:00,2025-10-01 02:30:00 IST,11,2025-10-01 08:00:00+00:00,2025-10-01 13:30:00 IST,2025-10-01 08:00:00+00:00,2025-10-01 13:30:00 IST,4205.7375,4244.1,4180.5031,38.37,FILLED_SL,-1.0,-1.5100872019866868e-38,Failed to reach 25% entry within 3 candles of first touch,SAVED_LOSS
XRPUSD,SHORT,2025-10-18 03:00:00+00:00,2025-10-18 08:30:00 IST,2025-10-18 04:00:00+00:00,2025-10-18 09:30:00 IST,3,2025-10-18 07:00:00+00:00,2025-10-18 12:30:00 IST,2025-10-18 16:00:00+00:00,2025-10-18 21:30:00 IST,2.3519,2.4003,2.3377,16.99,FILLED_TP,0.2913,3.6753109441607893e-41,Failed to reach 25% entry within 3 candles of first touch,MISSED_WIN
XRPUSD,LONG,2025-10-27 20:00:00+00:00,2025-10-28 01:30:00 IST,2025-10-27 21:00:00+00:00,2025-10-28 02:30:00 IST,5,2025-10-28 02:00:00+00:00,2025-10-28 07:30:00 IST,2025-10-28 02:00:00+00:00,2025-10-28 07:30:00 IST,2.6204,2.6001,2.6361,45.12,FILLED_TP,0.7736,8.458635881987918e-41,Failed to reach 25% entry within 3 candles of first touch,MISSED_WIN
BTCUSD,LONG,2025-12-04 14:00:00+00:00,2025-12-04 19:30:00 IST,2025-12-04 15:00:00+00:00,2025-12-04 20:30:00 IST,4,2025-12-04 19:00:00+00:00,2025-12-05 00:30:00 IST,2025-12-04 19:00:00+00:00,2025-12-05 00:30:00 IST,91589.0,90675.5,92138.534,35.09,FILLED_TP,0.6016,9.395739005044193e-43,Failed to reach 25% entry within 3 candles of first touch,MISSED_WIN
SOLUSD,LONG,2025-12-09 09:00:00+00:00,2025-12-09 14:30:00 IST,2025-12-09 10:00:00+00:00,2025-12-09 15:30:00 IST,4,2025-12-09 14:00:00+00:00,2025-12-09 19:30:00 IST,2025-12-09 14:00:00+00:00,2025-12-09 19:30:00 IST,131.9137,130.584,132.7052,34.72,FILLED_TP,0.5952,1.6391202242879397e-42,Failed to reach 25% entry within 3 candles of first touch,MISSED_WIN
ETHUSD,LONG,2025-12-12 00:00:00+00:00,2025-12-12 05:30:00 IST,2025-12-12 01:00:00+00:00,2025-12-12 06:30:00 IST,14,2025-12-12 15:00:00+00:00,2025-12-12 20:30:00 IST,2025-12-12 15:00:00+00:00,2025-12-12 20:30:00 IST,3182.4,3144.0,3201.4944,29.01,FILLED_SL,-1.0,-4.295821202575231e-42,Failed to reach 25% entry within 3 candles of first touch,SAVED_LOSS
ETHUSD,LONG,2025-12-26 19:00:00+00:00,2025-12-27 00:30:00 IST,2025-12-26 20:00:00+00:00,2025-12-27 01:30:00 IST,14,2025-12-27 10:00:00+00:00,2025-12-27 15:30:00 IST,2025-12-27 10:00:00+00:00,2025-12-27 15:30:00 IST,2917.0125,2889.6,2934.5146,37.24,FILLED_TP,0.6385,3.0091215830876763e-44,Failed to reach 25% entry within 3 candles of first touch,MISSED_WIN
ETHUSD,SHORT,2026-01-28 01:00:00+00:00,2026-01-28 06:30:00 IST,2026-01-28 02:00:00+00:00,2026-01-28 07:30:00 IST,8,2026-01-28 10:00:00+00:00,2026-01-28 15:30:00 IST,2026-01-28 10:00:00+00:00,2026-01-28 15:30:00 IST,3020.1,3037.8,3001.9794,59.72,FILLED_SL,-1.0,-2.3844042432257547e-47,Failed to reach 25% entry within 3 candles of first touch,SAVED_LOSS
ETHUSD,LONG,2026-02-14 12:00:00+00:00,2026-02-14 17:30:00 IST,2026-02-14 13:00:00+00:00,2026-02-14 18:30:00 IST,12,2026-02-15 01:00:00+00:00,2026-02-15 06:30:00 IST,2026-02-15 01:00:00+00:00,2026-02-15 06:30:00 IST,2062.2375,2030.55,2074.6109,22.78,FILLED_TP,0.3905,4.294450399256862e-49,Failed to reach 25% entry within 3 candles of first touch,MISSED_WIN
XRPUSD,LONG,2026-02-16 15:00:00+00:00,2026-02-16 20:30:00 IST,2026-02-16 16:00:00+00:00,2026-02-16 21:30:00 IST,4,2026-02-16 20:00:00+00:00,2026-02-17 01:30:00 IST,2026-02-16 20:00:00+00:00,2026-02-17 01:30:00 IST,1.4681,1.4475,1.4769,24.91,FILLED_TP,0.4271,8.315888514300874e-50,Failed to reach 25% entry within 3 candles of first touch,MISSED_WIN
XRPUSD,LONG,2026-03-05 17:00:00+00:00,2026-03-05 22:30:00 IST,2026-03-05 18:00:00+00:00,2026-03-05 23:30:00 IST,10,2026-03-06 04:00:00+00:00,2026-03-06 09:30:00 IST,2026-03-06 04:00:00+00:00,2026-03-06 09:30:00 IST,1.3956,1.3823,1.4039,36.79,FILLED_TP,0.6308,2.7120349694854175e-51,Failed to reach 25% entry within 3 candles of first touch,MISSED_WIN
ETHUSD,LONG,2026-03-06 20:00:00+00:00,2026-03-07 01:30:00 IST,2026-03-06 21:00:00+00:00,2026-03-07 02:30:00 IST,7,2026-03-07 04:00:00+00:00,2026-03-07 09:30:00 IST,2026-03-07 07:00:00+00:00,2026-03-07 12:30:00 IST,1970.85,1944.0,1982.6751,25.69,FILLED_TP,0.4404,2.2558962008746506e-51,Failed to reach 25% entry within 3 candles of first touch,MISSED_WIN
BTCUSD,SHORT,2026-03-08 10:00:00+00:00,2026-03-08 15:30:00 IST,2026-03-08 11:00:00+00:00,2026-03-08 16:30:00 IST,18,2026-03-09 05:00:00+00:00,2026-03-09 10:30:00 IST,2026-03-09 05:00:00+00:00,2026-03-09 10:30:00 IST,67914.625,68210.5,67507.1372,80.34,FILLED_TP,1.3772,2.8348075785505056e-51,Failed to reach 25% entry within 3 candles of first touch,MISSED_WIN
SOLUSD,SHORT,2026-03-09 05:00:00+00:00,2026-03-09 10:30:00 IST,2026-03-09 06:00:00+00:00,2026-03-09 11:30:00 IST,3,2026-03-09 09:00:00+00:00,2026-03-09 14:30:00 IST,2026-03-09 09:00:00+00:00,2026-03-09 14:30:00 IST,84.4147,84.903,83.9083,60.51,FILLED_TP,1.0374,3.02724261284377e-51,Failed to reach 25% entry within 3 candles of first touch,MISSED_WIN
BTCUSD,LONG,2026-03-10 03:00:00+00:00,2026-03-10 08:30:00 IST,2026-03-10 04:00:00+00:00,2026-03-10 09:30:00 IST,31,2026-03-11 11:00:00+00:00,2026-03-11 16:30:00 IST,2026-03-11 11:00:00+00:00,2026-03-11 16:30:00 IST,69207.875,68334.5,69623.1223,27.73,FILLED_TP,0.4755,2.0371687309417232e-51,Failed to reach 25% entry within 3 candles of first touch,MISSED_WIN
BTCUSD,LONG,2026-03-28 10:00:00+00:00,2026-03-28 15:30:00 IST,2026-03-28 11:00:00+00:00,2026-03-28 16:30:00 IST,30,2026-03-29 17:00:00+00:00,2026-03-29 22:30:00 IST,2026-03-29 20:00:00+00:00,2026-03-30 01:30:00 IST,66140.75,65900.0,66537.5945,96.15,FILLED_TP,1.6484,8.05574403759991e-51,Failed to reach 25% entry within 3 candles of first touch,MISSED_WIN
ETHUSD,SHORT,2026-04-11 02:00:00+00:00,2026-04-11 07:30:00 IST,2026-04-11 03:00:00+00:00,2026-04-11 08:30:00 IST,12,2026-04-11 15:00:00+00:00,2026-04-11 20:30:00 IST,2026-04-11 16:00:00+00:00,2026-04-11 21:30:00 IST,2250.0,2262.9,2236.5,61.05,FILLED_SL,-1.0,-5.710352606054774e-52,Failed to reach 25% entry within 3 candles of first touch,SAVED_LOSS
XRPUSD,LONG,2026-04-18 11:00:00+00:00,2026-04-18 16:30:00 IST,2026-04-18 12:00:00+00:00,2026-04-18 17:30:00 IST,5,2026-04-18 17:00:00+00:00,2026-04-18 22:30:00 IST,2026-04-18 23:00:00+00:00,2026-04-19 04:30:00 IST,1.4287,1.422,1.4373,74.08,FILLED_TP,1.27,6.566867787125889e-53,Failed to reach 25% entry within 3 candles of first touch,MISSED_WIN
BTCUSD,LONG,2026-04-23 18:00:00+00:00,2026-04-23 23:30:00 IST,2026-04-23 19:00:00+00:00,2026-04-24 00:30:00 IST,9,2026-04-24 04:00:00+00:00,2026-04-24 09:30:00 IST,2026-04-24 05:00:00+00:00,2026-04-24 10:30:00 IST,77460.125,76805.0,77924.8858,41.38,FILLED_TP,0.7094,2.4824581715398262e-54,Failed to reach 25% entry within 3 candles of first touch,MISSED_WIN
SOLUSD,SHORT,2026-05-07 12:00:00+00:00,2026-05-07 17:30:00 IST,2026-05-07 13:00:00+00:00,2026-05-07 18:30:00 IST,28,2026-05-08 17:00:00+00:00,2026-05-08 22:30:00 IST,2026-05-08 17:00:00+00:00,2026-05-08 22:30:00 IST,89.9219,90.756,89.3824,37.73,FILLED_SL,-1.0,-2.2327444967126086e-55,Failed to reach 25% entry within 3 candles of first touch,SAVED_LOSS
XRPUSD,LONG,2026-05-15 15:00:00+00:00,2026-05-15 20:30:00 IST,2026-05-15 16:00:00+00:00,2026-05-15 21:30:00 IST,3,2026-05-15 19:00:00+00:00,2026-05-16 00:30:00 IST,2026-05-16 04:00:00+00:00,2026-05-16 09:30:00 IST,1.4332,1.4265,1.4418,75.15,FILLED_SL,-1.0,-1.744007556197724e-56,Failed to reach 25% entry within 3 candles of first touch,SAVED_LOSS
BTCUSD,SHORT,2026-05-19 20:00:00+00:00,2026-05-20 01:30:00 IST,2026-05-19 21:00:00+00:00,2026-05-20 02:30:00 IST,8,2026-05-20 05:00:00+00:00,2026-05-20 10:30:00 IST,2026-05-20 05:00:00+00:00,2026-05-20 10:30:00 IST,77022.75,77295.0,76560.6135,99.02,FILLED_SL,-1.0,-8.983898322274887e-57,Failed to reach 25% entry within 3 candles of first touch,SAVED_LOSS
ETHUSD,SHORT,2026-05-24 06:00:00+00:00,2026-05-24 11:30:00 IST,2026-05-24 07:00:00+00:00,2026-05-24 12:30:00 IST,32,2026-05-25 15:00:00+00:00,2026-05-25 20:30:00 IST,2026-05-25 19:00:00+00:00,2026-05-26 00:30:00 IST,2131.8125,2152.85,2119.0216,35.47,FILLED_TP,0.608,2.418932916440891e-57,Failed to reach 25% entry within 3 candles of first touch,MISSED_WIN
BTCUSD,SHORT,2026-06-05 04:00:00+00:00,2026-06-05 09:30:00 IST,2026-06-05 05:00:00+00:00,2026-06-05 10:30:00 IST,65,2026-06-07 22:00:00+00:00,2026-06-08 03:30:00 IST,2026-06-07 22:00:00+00:00,2026-06-08 03:30:00 IST,63674.375,64154.0,63292.3288,46.47,FILLED_SL,-1.0,-1.1211281916312445e-56,Failed to reach 25% entry within 3 candles of first touch,SAVED_LOSS
ETHUSD,SHORT,2026-06-11 11:00:00+00:00,2026-06-11 16:30:00 IST,2026-06-11 12:00:00+00:00,2026-06-11 17:30:00 IST,5,2026-06-11 17:00:00+00:00,2026-06-11 22:30:00 IST,2026-06-11 17:00:00+00:00,2026-06-11 22:30:00 IST,1671.5125,1696.0,1661.4834,23.89,FILLED_TP,0.4096,2.866542650590833e-57,Failed to reach 25% entry within 3 candles of first touch,MISSED_WIN
BTCUSD,LONG,2026-06-20 02:00:00+00:00,2026-06-20 07:30:00 IST,2026-06-20 03:00:00+00:00,2026-06-20 08:30:00 IST,11,2026-06-20 14:00:00+00:00,2026-06-20 19:30:00 IST,2026-06-20 14:00:00+00:00,2026-06-20 19:30:00 IST,63209.75,62636.0,63589.0085,38.56,FILLED_TP,0.661,1.493674194189904e-57,Failed to reach 25% entry within 3 candles of first touch,MISSED_WIN
ETHUSD,LONG,2026-07-19 03:00:00+00:00,2026-07-19 08:30:00 IST,2026-07-19 04:00:00+00:00,2026-07-19 09:30:00 IST,13,2026-07-19 17:00:00+00:00,2026-07-19 22:30:00 IST,2026-07-19 22:00:00+00:00,2026-07-20 03:30:00 IST,1862.4125,1848.95,1873.587,48.42,FILLED_TP,0.83,2.9863409075096926e-61,Failed to reach 25% entry within 3 candles of first touch,MISSED_WIN
ETHUSD,LONG,2026-07-24 21:00:00+00:00,2026-07-25 02:30:00 IST,2026-07-24 22:00:00+00:00,2026-07-25 03:30:00 IST,5,2026-07-25 03:00:00+00:00,2026-07-25 08:30:00 IST,2026-07-25 13:00:00+00:00,2026-07-25 18:30:00 IST,1854.8625,1842.0,1865.9917,50.47,FILLED_TP,0.8652,6.553966315823933e-61,Failed to reach 25% entry within 3 candles of first touch,MISSED_WIN
BTCUSD,SHORT,2026-07-25 13:00:00+00:00,2026-07-25 18:30:00 IST,2026-07-25 14:00:00+00:00,2026-07-25 19:30:00 IST,0,2026-07-25 14:00:00+00:00,2026-07-25 19:30:00 IST,2026-07-25 17:00:00+00:00,2026-07-25 22:30:00 IST,64158.375,64273.5,63773.4247,100.0,FILLED_SL,-1.0,-8.178955899994341e-61,Failed to reach 25% entry within 3 candles of first touch,SAVED_LOSS
SOLUSD,SHORT,2026-08-13 08:00:00+00:00,2026-08-13 13:30:00 IST,2026-08-13 09:00:00+00:00,2026-08-13 14:30:00 IST,4,2026-08-13 13:00:00+00:00,2026-08-13 18:30:00 IST,2026-08-13 15:00:00+00:00,2026-08-13 20:30:00 IST,76.3233,76.909,75.8653,45.61,FILLED_TP,0.7818,1.3597622748587308e-62,Failed to reach 25% entry within 3 candles of first touch,MISSED_WIN
SOLUSD,LONG,2026-08-14 23:00:00+00:00,2026-08-15 04:30:00 IST,2026-08-15 00:00:00+00:00,2026-08-15 05:30:00 IST,7,2026-08-15 07:00:00+00:00,2026-08-15 12:30:00 IST,2026-08-15 17:00:00+00:00,2026-08-15 22:30:00 IST,75.2193,74.62,75.6706,43.93,FILLED_TP,0.7531,1.620542288980305e-62,Failed to reach 25% entry within 3 candles of first touch,MISSED_WIN
BTCUSD,SHORT,2026-08-24 02:00:00+00:00,2026-08-24 07:30:00 IST,2026-08-24 03:00:00+00:00,2026-08-24 08:30:00 IST,4,2026-08-24 07:00:00+00:00,2026-08-24 12:30:00 IST,2026-08-24 08:00:00+00:00,2026-08-24 13:30:00 IST,77559.375,78030.0,77094.0188,57.68,FILLED_TP,0.9888,8.394121132826895e-63,Failed to reach 25% entry within 3 candles of first touch,MISSED_WIN
