label,month,trades,wins,losses,wr_pct,total_strategy_R,total_net_R,end_capital
compound_50bp,2024-06,6,3,3,50.0,-0.9041,-1.9843,8.984543
compound_50bp,2024-07,15,9,6,60.0,1.6728,-0.0584,8.81565
compound_50bp,2024-08,16,12,4,75.0,3.3984,1.9458,9.604685
compound_50bp,2024-09,21,14,7,66.67,1.6623,-0.2524,9.328753
compound_50bp,2024-10,18,8,10,44.44,-2.1409,-4.8948,7.108641
compound_50bp,2024-11,17,13,4,76.47,3.3541,1.9537,7.753912
compound_50bp,2024-12,13,9,4,69.23,2.6629,1.4207,8.214376
compound_50bp,2025-01,21,14,7,66.67,2.2161,0.2852,8.18757
compound_50bp,2025-02,16,11,5,68.75,5.882,4.097,9.791695
compound_50bp,2025-03,13,10,3,76.92,5.8362,4.4321,12.022622
compound_50bp,2025-04,14,12,2,85.71,6.7985,5.4364,15.604118
compound_50bp,2025-05,24,19,5,79.17,10.2847,7.5684,22.289025
compound_50bp,2025-06,20,11,9,55.0,2.4729,-0.5561,21.055272
compound_50bp,2025-07,17,9,8,52.94,4.1582,0.9674,20.941684
compound_50bp,2025-08,12,8,4,66.67,3.2947,1.8163,22.618219
compound_50bp,2025-09,21,14,7,66.67,7.8526,4.1804,26.917227
compound_50bp,2025-10,24,19,5,79.17,11.4105,8.5313,40.244964
compound_50bp,2025-11,13,9,4,69.23,1.9557,0.7012,41.201914
compound_50bp,2025-12,18,12,6,66.67,3.6142,1.8348,44.380124
compound_50bp,2026-01,16,12,4,75.0,8.5782,6.0021,58.607124
compound_50bp,2026-02,13,12,1,92.31,8.2098,6.8975,81.921868
compound_50bp,2026-03,18,15,3,83.33,8.7614,6.7919,113.27493
compound_50bp,2026-04,16,7,9,43.75,-1.4266,-3.7656,91.58519
compound_50bp,2026-05,14,10,4,71.43,6.2253,3.9875,109.757203
compound_50bp,2026-06,10,8,2,80.0,5.2111,4.0861,133.284842
compound_50bp,2026-07,25,17,8,68.0,6.9015,3.7384,156.465437
compound_50bp,2026-08,14,7,7,50.0,4.1161,1.7273,163.726044
compound_75bp,2024-06,6,3,3,50.0,-0.9041,-1.9843,8.463512
compound_75bp,2024-07,15,9,6,60.0,1.6728,-0.0584,8.125438
compound_75bp,2024-08,16,12,4,75.0,3.3984,1.9458,9.159124
compound_75bp,2024-09,21,14,7,66.67,1.6623,-0.2524,8.655914
compound_75bp,2024-10,18,8,10,44.44,-2.1409,-4.8948,5.639731
compound_75bp,2024-11,17,13,4,76.47,3.3541,1.9537,6.371852
compound_75bp,2024-12,13,9,4,69.23,2.6629,1.4207,6.879042
compound_75bp,2025-01,21,14,7,66.67,2.2161,0.2852,6.75391
compound_75bp,2025-02,16,11,5,68.75,5.882,4.097,8.67322
compound_75bp,2025-03,13,10,3,76.92,5.8362,4.4321,11.662736
compound_75bp,2025-04,14,12,2,85.71,6.7985,5.4364,17.104938
compound_75bp,2025-05,24,19,5,79.17,10.2847,7.5684,28.728503
compound_75bp,2025-06,20,11,9,55.0,2.4729,-0.5561,25.80106
compound_75bp,2025-07,17,9,8,52.94,4.1582,0.9674,24.702741
compound_75bp,2025-08,12,8,4,66.67,3.2947,1.8163,27.441446
compound_75bp,2025-09,21,14,7,66.67,7.8526,4.1804,34.716528
compound_75bp,2025-10,24,19,5,79.17,11.4105,8.5313,62.332819
compound_75bp,2025-11,13,9,4,69.23,1.9557,0.7012,64.004855
compound_75bp,2025-12,18,12,6,66.67,3.6142,1.8348,70.614117
compound_75bp,2026-01,16,12,4,75.0,8.5782,6.0021,105.426687
compound_75bp,2026-02,13,12,1,92.31,8.2098,6.8975,172.97675
compound_75bp,2026-03,18,15,3,83.33,8.7614,6.7919,278.028234
compound_75bp,2026-04,16,7,9,43.75,-1.4266,-3.7656,198.412494
compound_75bp,2026-05,14,10,4,71.43,6.2253,3.9875,256.744366
compound_75bp,2026-06,10,8,2,80.0,5.2111,4.0861,341.031388
compound_75bp,2026-07,25,17,8,68.0,6.9015,3.7384,425.10108
compound_75bp,2026-08,14,7,7,50.0,4.1161,1.7273,442.571692
compound_100bp,2024-06,6,3,3,50.0,-0.9041,-1.9843,7.937387
compound_100bp,2024-07,15,9,6,60.0,1.6728,-0.0584,7.393195
compound_100bp,2024-08,16,12,4,75.0,3.3984,1.9458,8.570097
compound_100bp,2024-09,21,14,7,66.67,1.6623,-0.2524,7.810746
compound_100bp,2024-10,18,8,10,44.44,-2.1409,-4.8948,4.289485
compound_100bp,2024-11,17,13,4,76.47,3.3541,1.9537,4.991239
compound_100bp,2024-12,13,9,4,69.23,2.6629,1.4207,5.455105
compound_100bp,2025-01,21,14,7,66.67,2.2161,0.2852,5.226864
compound_100bp,2025-02,16,11,5,68.75,5.882,4.097,7.126038
compound_100bp,2025-03,13,10,3,76.92,5.8362,4.4321,10.416325
compound_100bp,2025-04,14,12,2,85.71,6.7985,5.4364,17.171317
compound_100bp,2025-05,24,19,5,79.17,10.2847,7.5684,33.54386
compound_100bp,2025-06,20,11,9,55.0,2.4729,-0.5561,28.214832
compound_100bp,2025-07,17,9,8,52.94,4.1582,0.9674,24.598304
compound_100bp,2025-08,12,8,4,66.67,3.2947,1.8163,27.909041
compound_100bp,2025-09,21,14,7,66.67,7.8526,4.1804,37.719641
compound_100bp,2025-10,24,19,5,79.17,11.4105,8.5313,80.364802
compound_100bp,2025-11,13,9,4,69.23,1.9557,0.7012,82.272082
compound_100bp,2025-12,18,12,6,66.67,3.6142,1.8348,92.140991
compound_100bp,2026-01,16,12,4,75.0,8.5782,6.0021,153.862974
compound_100bp,2026-02,13,12,1,92.31,8.2098,6.8975,294.952723
compound_100bp,2026-03,18,15,3,83.33,8.7614,6.7919,546.91973
compound_100bp,2026-04,16,7,9,43.75,-1.4266,-3.7656,340.129429
compound_100bp,2026-05,14,10,4,71.43,6.2253,3.9875,470.85762
compound_100bp,2026-06,10,8,2,80.0,5.2111,4.0861,680.792842
compound_100bp,2026-07,25,17,8,68.0,6.9015,3.7384,888.810737
compound_100bp,2026-08,14,7,7,50.0,4.1161,1.7273,905.434313
compound_150bp,2024-06,6,3,3,50.0,-0.9041,-1.9843,6.881273
compound_150bp,2024-07,15,9,6,60.0,1.6728,-0.0584,5.875545
compound_150bp,2024-08,16,12,4,75.0,3.3984,1.9458,7.068168
compound_150bp,2024-09,21,14,7,66.67,1.6623,-0.2524,5.824841
compound_150bp,2024-10,18,8,10,44.44,-2.1409,-4.8948,2.172718
compound_150bp,2024-11,17,13,4,76.47,3.3541,1.9537,2.634295
compound_150bp,2024-12,13,9,4,69.23,2.6629,1.4207,2.892043
compound_150bp,2025-01,21,14,7,66.67,2.2161,0.2852,2.56347
compound_150bp,2025-02,16,11,5,68.75,5.882,4.097,3.812576
compound_150bp,2025-03,13,10,3,76.92,5.8362,4.4321,6.444577
compound_150bp,2025-04,14,12,2,85.71,6.7985,5.4364,13.211721
compound_150bp,2025-05,24,19,5,79.17,10.2847,7.5684,33.784721
compound_150bp,2025-06,20,11,9,55.0,2.4729,-0.5561,23.795922
compound_150bp,2025-07,17,9,8,52.94,4.1582,0.9674,14.725442
compound_150bp,2025-08,12,8,4,66.67,3.2947,1.8163,17.059361
compound_150bp,2025-09,21,14,7,66.67,7.8526,4.1804,27.037136
compound_150bp,2025-10,24,19,5,79.17,11.4105,8.5313,78.260519
compound_150bp,2025-11,13,9,4,69.23,1.9557,0.7012,78.173279
compound_150bp,2025-12,18,12,6,66.67,3.6142,1.8348,87.768601
compound_150bp,2026-01,16,12,4,75.0,8.5782,6.0021,177.507149
compound_150bp,2026-02,13,12,1,92.31,8.2098,6.8975,458.330678
compound_150bp,2026-03,18,15,3,83.33,8.7614,6.7919,1105.652814
compound_150bp,2026-04,16,7,9,43.75,-1.4266,-3.7656,501.705176
compound_150bp,2026-05,14,10,4,71.43,6.2253,3.9875,772.828866
compound_150bp,2026-06,10,8,2,80.0,5.2111,4.0861,1304.942005
compound_150bp,2026-07,25,17,8,68.0,6.9015,3.7384,1791.225064
compound_150bp,2026-08,14,7,7,50.0,4.1161,1.7273,1481.435508
compound_200bp,2024-06,6,3,3,50.0,-0.9041,-1.9843,6.189493
compound_200bp,2024-07,15,9,6,60.0,1.6728,-0.0584,4.666438
compound_200bp,2024-08,16,12,4,75.0,3.3984,1.9458,5.673025
compound_200bp,2024-09,21,14,7,66.67,1.6623,-0.2524,4.060073
compound_200bp,2024-10,18,8,10,44.44,-2.1409,-4.8948,0.964522
compound_200bp,2024-11,17,13,4,76.47,3.3541,1.9537,1.188218
compound_200bp,2024-12,13,9,4,69.23,2.6629,1.4207,1.27479
compound_200bp,2025-01,21,14,7,66.67,2.2161,0.2852,1.003025
compound_200bp,2025-02,16,11,5,68.75,5.882,4.097,1.422804
compound_200bp,2025-03,13,10,3,76.92,5.8362,4.4321,2.703981
compound_200bp,2025-04,14,12,2,85.71,6.7985,5.4364,6.750392
compound_200bp,2025-05,24,19,5,79.17,10.2847,7.5684,21.605869
compound_200bp,2025-06,20,11,9,55.0,2.4729,-0.5561,11.937948
compound_200bp,2025-07,17,9,8,52.94,4.1582,0.9674,4.988554
compound_200bp,2025-08,12,8,4,66.67,3.2947,1.8163,5.728426
compound_200bp,2025-09,21,14,7,66.67,7.8526,4.1804,9.687762
compound_200bp,2025-10,24,19,5,79.17,11.4105,8.5313,36.298318
compound_200bp,2025-11,13,9,4,69.23,1.9557,0.7012,34.469045
compound_200bp,2025-12,18,12,6,66.67,3.6142,1.8348,37.336819
compound_200bp,2026-01,16,12,4,75.0,8.5782,6.0021,87.528219
compound_200bp,2026-02,13,12,1,92.31,8.2098,6.8975,299.197259
compound_200bp,2026-03,18,15,3,83.33,8.7614,6.7919,910.723189
compound_200bp,2026-04,16,7,9,43.75,-1.4266,-3.7656,284.825288
compound_200bp,2026-05,14,10,4,71.43,6.2253,3.9875,469.566098
compound_200bp,2026-06,10,8,2,80.0,5.2111,4.0861,908.279646
compound_200bp,2026-07,25,17,8,68.0,6.9015,3.7384,1235.281163
compound_200bp,2026-08,14,7,7,50.0,4.1161,1.7273,771.956596
compound_350bp,2024-06,6,3,3,50.0,-0.9041,-1.9843,4.825728
compound_350bp,2024-07,15,9,6,60.0,1.6728,-0.0584,1.923127
compound_350bp,2024-08,16,12,4,75.0,3.3984,1.9458,2.004635
compound_350bp,2024-09,21,14,7,66.67,1.6623,-0.2524,0.788738
compound_350bp,2024-10,18,8,10,44.44,-2.1409,-4.8948,0.038008
compound_350bp,2024-11,17,13,4,76.47,3.3541,1.9537,0.041176
compound_350bp,2024-12,13,9,4,69.23,2.6629,1.4207,0.031829
compound_350bp,2025-01,21,14,7,66.67,2.2161,0.2852,0.013083
compound_350bp,2025-02,16,11,5,68.75,5.882,4.097,0.012621
compound_350bp,2025-03,13,10,3,76.92,5.8362,4.4321,0.023306
compound_350bp,2025-04,14,12,2,85.71,6.7985,5.4364,0.091247
compound_350bp,2025-05,24,19,5,79.17,10.2847,7.5684,0.415513
compound_350bp,2025-06,20,11,9,55.0,2.4729,-0.5561,0.110403
compound_350bp,2025-07,17,9,8,52.94,4.1582,0.9674,0.016523
compound_350bp,2025-08,12,8,4,66.67,3.2947,1.8163,0.017002
compound_350bp,2025-09,21,14,7,66.67,7.8526,4.1804,0.027243
compound_350bp,2025-10,24,19,5,79.17,11.4105,8.5313,0.161342
compound_350bp,2025-11,13,9,4,69.23,1.9557,0.7012,0.112178
compound_350bp,2025-12,18,12,6,66.67,3.6142,1.8348,0.083636
compound_350bp,2026-01,16,12,4,75.0,8.5782,6.0021,0.283886
compound_350bp,2026-02,13,12,1,92.31,8.2098,6.8975,2.008047
compound_350bp,2026-03,18,15,3,83.33,8.7614,6.7919,10.096353
compound_350bp,2026-04,16,7,9,43.75,-1.4266,-3.7656,0.938754
compound_350bp,2026-05,14,10,4,71.43,6.2253,3.9875,2.039428
compound_350bp,2026-06,10,8,2,80.0,5.2111,4.0861,5.256869
compound_350bp,2026-07,25,17,8,68.0,6.9015,3.7384,4.613625
compound_350bp,2026-08,14,7,7,50.0,4.1161,1.7273,0.986405
compound_5pct,2024-06,6,3,3,50.0,-0.9041,-1.9843,8.984543
compound_5pct,2024-07,15,9,6,60.0,1.6728,-0.0584,8.81565
compound_5pct,2024-08,16,12,4,75.0,3.3984,1.9458,9.604685
compound_5pct,2024-09,21,14,7,66.67,1.6623,-0.2524,9.328753
compound_5pct,2024-10,18,8,10,44.44,-2.1409,-4.8948,7.108641
compound_5pct,2024-11,17,13,4,76.47,3.3541,1.9537,7.753912
compound_5pct,2024-12,13,9,4,69.23,2.6629,1.4207,8.214376
compound_5pct,2025-01,21,14,7,66.67,2.2161,0.2852,8.18757
compound_5pct,2025-02,16,11,5,68.75,5.882,4.097,9.791695
compound_5pct,2025-03,13,10,3,76.92,5.8362,4.4321,12.022622
compound_5pct,2025-04,14,12,2,85.71,6.7985,5.4364,15.604118
compound_5pct,2025-05,24,19,5,79.17,10.2847,7.5684,22.289025
compound_5pct,2025-06,20,11,9,55.0,2.4729,-0.5561,21.055272
compound_5pct,2025-07,17,9,8,52.94,4.1582,0.9674,20.941684
compound_5pct,2025-08,12,8,4,66.67,3.2947,1.8163,22.618219
compound_5pct,2025-09,21,14,7,66.67,7.8526,4.1804,26.917227
compound_5pct,2025-10,24,19,5,79.17,11.4105,8.5313,40.244964
compound_5pct,2025-11,13,9,4,69.23,1.9557,0.7012,41.201914
compound_5pct,2025-12,18,12,6,66.67,3.6142,1.8348,44.380124
compound_5pct,2026-01,16,12,4,75.0,8.5782,6.0021,58.607124
compound_5pct,2026-02,13,12,1,92.31,8.2098,6.8975,81.921868
compound_5pct,2026-03,18,15,3,83.33,8.7614,6.7919,113.27493
compound_5pct,2026-04,16,7,9,43.75,-1.4266,-3.7656,91.58519
compound_5pct,2026-05,14,10,4,71.43,6.2253,3.9875,109.757203
compound_5pct,2026-06,10,8,2,80.0,5.2111,4.0861,133.284842
compound_5pct,2026-07,25,17,8,68.0,6.9015,3.7384,156.465437
compound_5pct,2026-08,14,7,7,50.0,4.1161,1.7273,163.726044
flat_5pct,2024-06,6,3,3,50.0,-0.9041,-1.9843,9.007865
flat_5pct,2024-07,15,9,6,60.0,1.6728,-0.0584,8.978686
flat_5pct,2024-08,16,12,4,75.0,3.3984,1.9458,9.951576
flat_5pct,2024-09,21,14,7,66.67,1.6623,-0.2524,9.825363
flat_5pct,2024-10,18,8,10,44.44,-2.1409,-4.8948,7.37797
flat_5pct,2024-11,17,13,4,76.47,3.3541,1.9537,8.354799
flat_5pct,2024-12,13,9,4,69.23,2.6629,1.4207,9.065131
flat_5pct,2025-01,21,14,7,66.67,2.2161,0.2852,9.207734
flat_5pct,2025-02,16,11,5,68.75,5.882,4.097,11.256227
flat_5pct,2025-03,13,10,3,76.92,5.8362,4.4321,13.47228
flat_5pct,2025-04,14,12,2,85.71,6.7985,5.4364,16.190462
flat_5pct,2025-05,24,19,5,79.17,10.2847,7.5684,19.974649
flat_5pct,2025-06,20,11,9,55.0,2.4729,-0.5561,19.696618
flat_5pct,2025-07,17,9,8,52.94,4.1582,0.9674,20.180336
flat_5pct,2025-08,12,8,4,66.67,3.2947,1.8163,21.088503
flat_5pct,2025-09,21,14,7,66.67,7.8526,4.1804,23.178725
flat_5pct,2025-10,24,19,5,79.17,11.4105,8.5313,27.444363
flat_5pct,2025-11,13,9,4,69.23,1.9557,0.7012,27.794973
flat_5pct,2025-12,18,12,6,66.67,3.6142,1.8348,28.712356
flat_5pct,2026-01,16,12,4,75.0,8.5782,6.0021,31.713423
flat_5pct,2026-02,13,12,1,92.31,8.2098,6.8975,35.162188
flat_5pct,2026-03,18,15,3,83.33,8.7614,6.7919,38.558121
flat_5pct,2026-04,16,7,9,43.75,-1.4266,-3.7656,36.675307
flat_5pct,2026-05,14,10,4,71.43,6.2253,3.9875,38.669047
flat_5pct,2026-06,10,8,2,80.0,5.2111,4.0861,40.712093
flat_5pct,2026-07,25,17,8,68.0,6.9015,3.7384,42.581307
flat_5pct,2026-08,14,7,7,50.0,4.1161,1.7273,43.44496
compound_10pct,2024-06,6,3,3,50.0,-0.9041,-1.9843,7.937387
compound_10pct,2024-07,15,9,6,60.0,1.6728,-0.0584,7.393195
compound_10pct,2024-08,16,12,4,75.0,3.3984,1.9458,8.570097
compound_10pct,2024-09,21,14,7,66.67,1.6623,-0.2524,7.810746
compound_10pct,2024-10,18,8,10,44.44,-2.1409,-4.8948,4.289485
compound_10pct,2024-11,17,13,4,76.47,3.3541,1.9537,4.991239
compound_10pct,2024-12,13,9,4,69.23,2.6629,1.4207,5.455105
compound_10pct,2025-01,21,14,7,66.67,2.2161,0.2852,5.226864
compound_10pct,2025-02,16,11,5,68.75,5.882,4.097,7.126038
compound_10pct,2025-03,13,10,3,76.92,5.8362,4.4321,10.416325
compound_10pct,2025-04,14,12,2,85.71,6.7985,5.4364,17.171317
compound_10pct,2025-05,24,19,5,79.17,10.2847,7.5684,33.54386
compound_10pct,2025-06,20,11,9,55.0,2.4729,-0.5561,28.214832
compound_10pct,2025-07,17,9,8,52.94,4.1582,0.9674,24.598304
compound_10pct,2025-08,12,8,4,66.67,3.2947,1.8163,27.909041
compound_10pct,2025-09,21,14,7,66.67,7.8526,4.1804,37.719641
compound_10pct,2025-10,24,19,5,79.17,11.4105,8.5313,80.364802
compound_10pct,2025-11,13,9,4,69.23,1.9557,0.7012,82.272082
compound_10pct,2025-12,18,12,6,66.67,3.6142,1.8348,92.140991
compound_10pct,2026-01,16,12,4,75.0,8.5782,6.0021,153.862974
compound_10pct,2026-02,13,12,1,92.31,8.2098,6.8975,294.952723
compound_10pct,2026-03,18,15,3,83.33,8.7614,6.7919,546.91973
compound_10pct,2026-04,16,7,9,43.75,-1.4266,-3.7656,340.129429
compound_10pct,2026-05,14,10,4,71.43,6.2253,3.9875,470.85762
compound_10pct,2026-06,10,8,2,80.0,5.2111,4.0861,680.792842
compound_10pct,2026-07,25,17,8,68.0,6.9015,3.7384,888.810737
compound_10pct,2026-08,14,7,7,50.0,4.1161,1.7273,905.434313
flat_10pct,2024-06,6,3,3,50.0,-0.9041,-1.9843,8.015729
flat_10pct,2024-07,15,9,6,60.0,1.6728,-0.0584,7.957373
flat_10pct,2024-08,16,12,4,75.0,3.3984,1.9458,9.903152
flat_10pct,2024-09,21,14,7,66.67,1.6623,-0.2524,9.650726
flat_10pct,2024-10,18,8,10,44.44,-2.1409,-4.8948,4.75594
flat_10pct,2024-11,17,13,4,76.47,3.3541,1.9537,6.709598
flat_10pct,2024-12,13,9,4,69.23,2.6629,1.4207,8.130263
flat_10pct,2025-01,21,14,7,66.67,2.2161,0.2852,8.415468
flat_10pct,2025-02,16,11,5,68.75,5.882,4.097,12.512455
flat_10pct,2025-03,13,10,3,76.92,5.8362,4.4321,16.944559
flat_10pct,2025-04,14,12,2,85.71,6.7985,5.4364,22.380924
flat_10pct,2025-05,24,19,5,79.17,10.2847,7.5684,29.949299
flat_10pct,2025-06,20,11,9,55.0,2.4729,-0.5561,29.393237
flat_10pct,2025-07,17,9,8,52.94,4.1582,0.9674,29.821158
flat_10pct,2025-08,12,8,4,66.67,3.2947,1.8163,31.637492
flat_10pct,2025-09,21,14,7,66.67,7.8526,4.1804,35.998891
flat_10pct,2025-10,24,19,5,79.17,11.4105,8.5313,44.530167
flat_10pct,2025-11,13,9,4,69.23,1.9557,0.7012,45.231387
flat_10pct,2025-12,18,12,6,66.67,3.6142,1.8348,47.066153
flat_10pct,2026-01,16,12,4,75.0,8.5782,6.0021,53.068288
flat_10pct,2026-02,13,12,1,92.31,8.2098,6.8975,59.965818
flat_10pct,2026-03,18,15,3,83.33,8.7614,6.7919,66.757683
flat_10pct,2026-04,16,7,9,43.75,-1.4266,-3.7656,62.992054
flat_10pct,2026-05,14,10,4,71.43,6.2253,3.9875,66.979536
flat_10pct,2026-06,10,8,2,80.0,5.2111,4.0861,71.065628
flat_10pct,2026-07,25,17,8,68.0,6.9015,3.7384,74.804055
flat_10pct,2026-08,14,7,7,50.0,4.1161,1.7273,76.531361
compound_20pct,2024-06,6,3,3,50.0,-0.9041,-1.9843,6.189493
compound_20pct,2024-07,15,9,6,60.0,1.6728,-0.0584,4.666438
compound_20pct,2024-08,16,12,4,75.0,3.3984,1.9458,5.673025
compound_20pct,2024-09,21,14,7,66.67,1.6623,-0.2524,4.060073
compound_20pct,2024-10,18,8,10,44.44,-2.1409,-4.8948,0.964522
compound_20pct,2024-11,17,13,4,76.47,3.3541,1.9537,1.188218
compound_20pct,2024-12,13,9,4,69.23,2.6629,1.4207,1.27479
compound_20pct,2025-01,21,14,7,66.67,2.2161,0.2852,1.003025
compound_20pct,2025-02,16,11,5,68.75,5.882,4.097,1.422804
compound_20pct,2025-03,13,10,3,76.92,5.8362,4.4321,2.703981
compound_20pct,2025-04,14,12,2,85.71,6.7985,5.4364,6.750392
compound_20pct,2025-05,24,19,5,79.17,10.2847,7.5684,21.605869
compound_20pct,2025-06,20,11,9,55.0,2.4729,-0.5561,11.937948
compound_20pct,2025-07,17,9,8,52.94,4.1582,0.9674,4.988554
compound_20pct,2025-08,12,8,4,66.67,3.2947,1.8163,5.728426
compound_20pct,2025-09,21,14,7,66.67,7.8526,4.1804,9.687762
compound_20pct,2025-10,24,19,5,79.17,11.4105,8.5313,36.298318
compound_20pct,2025-11,13,9,4,69.23,1.9557,0.7012,34.469045
compound_20pct,2025-12,18,12,6,66.67,3.6142,1.8348,37.336819
compound_20pct,2026-01,16,12,4,75.0,8.5782,6.0021,87.528219
compound_20pct,2026-02,13,12,1,92.31,8.2098,6.8975,299.197259
compound_20pct,2026-03,18,15,3,83.33,8.7614,6.7919,910.723189
compound_20pct,2026-04,16,7,9,43.75,-1.4266,-3.7656,284.825288
compound_20pct,2026-05,14,10,4,71.43,6.2253,3.9875,469.566098
compound_20pct,2026-06,10,8,2,80.0,5.2111,4.0861,908.279646
compound_20pct,2026-07,25,17,8,68.0,6.9015,3.7384,1235.281163
compound_20pct,2026-08,14,7,7,50.0,4.1161,1.7273,771.956596
flat_20pct,2024-06,6,3,3,50.0,-0.9041,-1.9843,6.455584
flat_20pct,2024-07,15,9,6,60.0,1.6728,-0.0584,6.338871
flat_20pct,2024-08,16,12,4,75.0,3.3984,1.9458,10.23043
flat_20pct,2024-09,21,14,7,66.67,1.6623,-0.2524,9.725578
flat_20pct,2024-10,12,4,8,33.33,-3.9533,-5.9528,0.0
1R_10pct,2024-06,6,3,3,50.0,-0.9041,-1.9843,8.015729
1R_10pct,2024-07,15,9,6,60.0,1.6728,-0.0584,7.957373
1R_10pct,2024-08,16,12,4,75.0,3.3984,1.9458,9.903152
1R_10pct,2024-09,21,14,7,66.67,1.6623,-0.2524,9.650726
1R_10pct,2024-10,18,8,10,44.44,-2.1409,-4.8948,4.75594
1R_10pct,2024-11,17,13,4,76.47,3.3541,1.9537,6.709598
1R_10pct,2024-12,13,9,4,69.23,2.6629,1.4207,8.130263
1R_10pct,2025-01,21,14,7,66.67,2.2161,0.2852,8.415468
1R_10pct,2025-02,16,11,5,68.75,5.882,4.097,12.512455
1R_10pct,2025-03,13,10,3,76.92,5.8362,4.4321,16.944559
1R_10pct,2025-04,14,12,2,85.71,6.7985,5.4364,22.380924
1R_10pct,2025-05,24,19,5,79.17,10.2847,7.5684,29.949299
1R_10pct,2025-06,20,11,9,55.0,2.4729,-0.5561,29.393237
1R_10pct,2025-07,17,9,8,52.94,4.1582,0.9674,29.821158
1R_10pct,2025-08,12,8,4,66.67,3.2947,1.8163,31.637492
1R_10pct,2025-09,21,14,7,66.67,7.8526,4.1804,35.998891
1R_10pct,2025-10,24,19,5,79.17,11.4105,8.5313,44.530167
1R_10pct,2025-11,13,9,4,69.23,1.9557,0.7012,45.231387
1R_10pct,2025-12,18,12,6,66.67,3.6142,1.8348,47.066153
1R_10pct,2026-01,16,12,4,75.0,8.5782,6.0021,53.068288
1R_10pct,2026-02,13,12,1,92.31,8.2098,6.8975,59.965818
1R_10pct,2026-03,18,15,3,83.33,8.7614,6.7919,66.757683
1R_10pct,2026-04,16,7,9,43.75,-1.4266,-3.7656,62.992054
1R_10pct,2026-05,14,10,4,71.43,6.2253,3.9875,66.979536
1R_10pct,2026-06,10,8,2,80.0,5.2111,4.0861,71.065628
1R_10pct,2026-07,25,17,8,68.0,6.9015,3.7384,74.804055
1R_10pct,2026-08,14,7,7,50.0,4.1161,1.7273,76.531361
10pct_25xcap,2024-06,6,3,3,50.0,-0.9041,-1.9843,8.93056
10pct_25xcap,2024-07,15,9,6,60.0,1.6728,-0.0584,8.318276
10pct_25xcap,2024-08,16,12,4,75.0,3.3984,1.9458,9.776357
10pct_25xcap,2024-09,21,14,7,66.67,1.6623,-0.2524,9.245813
10pct_25xcap,2024-10,18,8,10,44.44,-2.1409,-4.8948,5.19895
10pct_25xcap,2024-11,17,13,4,76.47,3.3541,1.9537,6.049491
10pct_25xcap,2024-12,13,9,4,69.23,2.6629,1.4207,6.317713
10pct_25xcap,2025-01,21,14,7,66.67,2.2161,0.2852,6.053381
10pct_25xcap,2025-02,16,11,5,68.75,5.882,4.097,6.994307
10pct_25xcap,2025-03,13,10,3,76.92,5.8362,4.4321,9.248492
10pct_25xcap,2025-04,14,12,2,85.71,6.7985,5.4364,14.940442
10pct_25xcap,2025-05,24,19,5,79.17,10.2847,7.5684,28.428663
10pct_25xcap,2025-06,20,11,9,55.0,2.4729,-0.5561,25.919415
10pct_25xcap,2025-07,17,9,8,52.94,4.1582,0.9674,19.081768
10pct_25xcap,2025-08,12,8,4,66.67,3.2947,1.8163,22.000681
10pct_25xcap,2025-09,21,14,7,66.67,7.8526,4.1804,31.791961
10pct_25xcap,2025-10,24,19,5,79.17,11.4105,8.5313,66.945571
10pct_25xcap,2025-11,13,9,4,69.23,1.9557,0.7012,69.588127
10pct_25xcap,2025-12,18,12,6,66.67,3.6142,1.8348,76.552217
10pct_25xcap,2026-01,16,12,4,75.0,8.5782,6.0021,130.84474
10pct_25xcap,2026-02,13,12,1,92.31,8.2098,6.8975,245.448595
10pct_25xcap,2026-03,18,15,3,83.33,8.7614,6.7919,450.00592
10pct_25xcap,2026-04,16,7,9,43.75,-1.4266,-3.7656,295.483705
10pct_25xcap,2026-05,14,10,4,71.43,6.2253,3.9875,434.404402
10pct_25xcap,2026-06,10,8,2,80.0,5.2111,4.0861,625.01259
10pct_25xcap,2026-07,25,17,8,68.0,6.9015,3.7384,817.744526
10pct_25xcap,2026-08,14,7,7,50.0,4.1161,1.7273,657.007226
10pct_50xcap,2024-06,6,3,3,50.0,-0.9041,-1.9843,8.13466
10pct_50xcap,2024-07,15,9,6,60.0,1.6728,-0.0584,7.576944
10pct_50xcap,2024-08,16,12,4,75.0,3.3984,1.9458,8.783096
10pct_50xcap,2024-09,21,14,7,66.67,1.6623,-0.2524,8.004872
10pct_50xcap,2024-10,18,8,10,44.44,-2.1409,-4.8948,4.396094
10pct_50xcap,2024-11,17,13,4,76.47,3.3541,1.9537,5.11529
10pct_50xcap,2024-12,13,9,4,69.23,2.6629,1.4207,5.590685
10pct_50xcap,2025-01,21,14,7,66.67,2.2161,0.2852,5.356771
10pct_50xcap,2025-02,16,11,5,68.75,5.882,4.097,6.901474
10pct_50xcap,2025-03,13,10,3,76.92,5.8362,4.4321,10.088073
10pct_50xcap,2025-04,14,12,2,85.71,6.7985,5.4364,16.630193
10pct_50xcap,2025-05,24,19,5,79.17,10.2847,7.5684,32.486784
10pct_50xcap,2025-06,20,11,9,55.0,2.4729,-0.5561,27.325691
10pct_50xcap,2025-07,17,9,8,52.94,4.1582,0.9674,19.748122
10pct_50xcap,2025-08,12,8,4,66.67,3.2947,1.8163,22.406063
10pct_50xcap,2025-09,21,14,7,66.67,7.8526,4.1804,32.611166
10pct_50xcap,2025-10,24,19,5,79.17,11.4105,8.5313,69.480776
10pct_50xcap,2025-11,13,9,4,69.23,1.9557,0.7012,71.129748
10pct_50xcap,2025-12,18,12,6,66.67,3.6142,1.8348,79.662083
10pct_50xcap,2026-01,16,12,4,75.0,8.5782,6.0021,133.024889
10pct_50xcap,2026-02,13,12,1,92.31,8.2098,6.8975,255.006465
10pct_50xcap,2026-03,18,15,3,83.33,8.7614,6.7919,472.848889
10pct_50xcap,2026-04,16,7,9,43.75,-1.4266,-3.7656,294.064766
10pct_50xcap,2026-05,14,10,4,71.43,6.2253,3.9875,407.08808
10pct_50xcap,2026-06,10,8,2,80.0,5.2111,4.0861,588.591197
10pct_50xcap,2026-07,25,17,8,68.0,6.9015,3.7384,768.436658
10pct_50xcap,2026-08,14,7,7,50.0,4.1161,1.7273,669.345116
10pct_75xcap,2024-06,6,3,3,50.0,-0.9041,-1.9843,7.937387
10pct_75xcap,2024-07,15,9,6,60.0,1.6728,-0.0584,7.393195
10pct_75xcap,2024-08,16,12,4,75.0,3.3984,1.9458,8.570097
10pct_75xcap,2024-09,21,14,7,66.67,1.6623,-0.2524,7.810746
10pct_75xcap,2024-10,18,8,10,44.44,-2.1409,-4.8948,4.289485
10pct_75xcap,2024-11,17,13,4,76.47,3.3541,1.9537,4.991239
10pct_75xcap,2024-12,13,9,4,69.23,2.6629,1.4207,5.455105
10pct_75xcap,2025-01,21,14,7,66.67,2.2161,0.2852,5.226864
10pct_75xcap,2025-02,16,11,5,68.75,5.882,4.097,7.126038
10pct_75xcap,2025-03,13,10,3,76.92,5.8362,4.4321,10.416325
10pct_75xcap,2025-04,14,12,2,85.71,6.7985,5.4364,17.171317
10pct_75xcap,2025-05,24,19,5,79.17,10.2847,7.5684,33.54386
10pct_75xcap,2025-06,20,11,9,55.0,2.4729,-0.5561,28.214832
10pct_75xcap,2025-07,17,9,8,52.94,4.1582,0.9674,22.494502
10pct_75xcap,2025-08,12,8,4,66.67,3.2947,1.8163,25.522083
10pct_75xcap,2025-09,21,14,7,66.67,7.8526,4.1804,36.264868
10pct_75xcap,2025-10,24,19,5,79.17,11.4105,8.5313,77.265288
10pct_75xcap,2025-11,13,9,4,69.23,1.9557,0.7012,79.099008
10pct_75xcap,2025-12,18,12,6,66.67,3.6142,1.8348,88.587293
10pct_75xcap,2026-01,16,12,4,75.0,8.5782,6.0021,147.92878
10pct_75xcap,2026-02,13,12,1,92.31,8.2098,6.8975,283.576972
10pct_75xcap,2026-03,18,15,3,83.33,8.7614,6.7919,525.826103
10pct_75xcap,2026-04,16,7,9,43.75,-1.4266,-3.7656,327.011301
10pct_75xcap,2026-05,14,10,4,71.43,6.2253,3.9875,452.697561
10pct_75xcap,2026-06,10,8,2,80.0,5.2111,4.0861,654.535991
10pct_75xcap,2026-07,25,17,8,68.0,6.9015,3.7384,854.531042
10pct_75xcap,2026-08,14,7,7,50.0,4.1161,1.7273,821.134167
10pct_100xcap,2024-06,6,3,3,50.0,-0.9041,-1.9843,7.937387
10pct_100xcap,2024-07,15,9,6,60.0,1.6728,-0.0584,7.393195
10pct_100xcap,2024-08,16,12,4,75.0,3.3984,1.9458,8.570097
10pct_100xcap,2024-09,21,14,7,66.67,1.6623,-0.2524,7.810746
10pct_100xcap,2024-10,18,8,10,44.44,-2.1409,-4.8948,4.289485
10pct_100xcap,2024-11,17,13,4,76.47,3.3541,1.9537,4.991239
10pct_100xcap,2024-12,13,9,4,69.23,2.6629,1.4207,5.455105
10pct_100xcap,2025-01,21,14,7,66.67,2.2161,0.2852,5.226864
10pct_100xcap,2025-02,16,11,5,68.75,5.882,4.097,7.126038
10pct_100xcap,2025-03,13,10,3,76.92,5.8362,4.4321,10.416325
10pct_100xcap,2025-04,14,12,2,85.71,6.7985,5.4364,17.171317
10pct_100xcap,2025-05,24,19,5,79.17,10.2847,7.5684,33.54386
10pct_100xcap,2025-06,20,11,9,55.0,2.4729,-0.5561,28.214832
10pct_100xcap,2025-07,17,9,8,52.94,4.1582,0.9674,24.598304
10pct_100xcap,2025-08,12,8,4,66.67,3.2947,1.8163,27.909041
10pct_100xcap,2025-09,21,14,7,66.67,7.8526,4.1804,37.719641
10pct_100xcap,2025-10,24,19,5,79.17,11.4105,8.5313,80.364802
10pct_100xcap,2025-11,13,9,4,69.23,1.9557,0.7012,82.272082
10pct_100xcap,2025-12,18,12,6,66.67,3.6142,1.8348,92.140991
10pct_100xcap,2026-01,16,12,4,75.0,8.5782,6.0021,153.862974
10pct_100xcap,2026-02,13,12,1,92.31,8.2098,6.8975,294.952723
10pct_100xcap,2026-03,18,15,3,83.33,8.7614,6.7919,546.91973
10pct_100xcap,2026-04,16,7,9,43.75,-1.4266,-3.7656,340.129429
10pct_100xcap,2026-05,14,10,4,71.43,6.2253,3.9875,470.85762
10pct_100xcap,2026-06,10,8,2,80.0,5.2111,4.0861,680.792842
10pct_100xcap,2026-07,25,17,8,68.0,6.9015,3.7384,888.810737
10pct_100xcap,2026-08,14,7,7,50.0,4.1161,1.7273,905.434313
