window_size,start_idx,end_idx,start_dt,end_dt,win_rate_pct,profit_factor,total_net_R,expectancy_net_R
25,0,24,2024-06-20,2024-08-16,56.0,0.7097,-3.2841,-0.131364
25,1,25,2024-06-21,2024-08-17,60.0,0.8572,-1.1836,-0.047344
25,2,26,2024-06-21,2024-08-18,60.0,0.91,-0.4895,-0.01958
25,3,27,2024-06-22,2024-08-18,56.0,0.7578,-2.5506,-0.102024
25,4,28,2024-06-30,2024-08-20,60.0,0.9058,-0.5707,-0.022828
25,5,29,2024-06-30,2024-08-20,64.0,1.0263,0.7767,0.031068
25,6,30,2024-07-03,2024-08-21,64.0,0.9906,0.3883,0.015532
25,7,31,2024-07-07,2024-08-21,60.0,0.8378,-1.3921,-0.055684
25,8,32,2024-07-07,2024-08-25,64.0,0.9666,0.1156,0.004624
25,9,33,2024-07-09,2024-08-26,64.0,0.9481,-0.0746,-0.002984
25,10,34,2024-07-10,2024-08-28,64.0,0.9365,-0.1758,-0.007032
25,11,35,2024-07-11,2024-08-28,64.0,0.9095,-0.4309,-0.017236
25,12,36,2024-07-19,2024-08-30,68.0,1.1079,1.3932,0.055728
25,13,37,2024-07-20,2024-09-02,68.0,1.0354,0.7185,0.02874
25,14,38,2024-07-21,2024-09-03,68.0,1.036,0.7123,0.028492
25,15,39,2024-07-21,2024-09-03,68.0,0.9677,0.1449,0.005796
25,16,40,2024-07-23,2024-09-05,72.0,1.2444,2.0694,0.082776
25,17,41,2024-07-24,2024-09-06,76.0,1.5525,3.6361,0.145444
25,18,42,2024-07-25,2024-09-06,72.0,1.2436,2.1363,0.085452
25,19,43,2024-07-27,2024-09-08,72.0,1.2363,2.1915,0.08766
25,20,44,2024-07-29,2024-09-09,72.0,1.1919,2.0127,0.080508
25,21,45,2024-08-04,2024-09-09,72.0,1.174,1.8011,0.072044
25,22,46,2024-08-09,2024-09-09,76.0,1.4302,3.4566,0.138264
25,23,47,2024-08-14,2024-09-11,80.0,1.7769,5.2054,0.208216
25,24,48,2024-08-16,2024-09-11,80.0,1.7907,5.2028,0.208112
25,25,49,2024-08-17,2024-09-12,80.0,1.7987,5.1249,0.204996
25,26,50,2024-08-18,2024-09-13,76.0,1.3784,3.1309,0.125236
25,27,51,2024-08-18,2024-09-14,76.0,1.3069,2.5025,0.1001
25,28,52,2024-08-20,2024-09-16,80.0,1.6953,4.472,0.17888
25,29,53,2024-08-20,2024-09-18,76.0,1.3538,2.902,0.11608
25,30,54,2024-08-21,2024-09-20,72.0,1.1411,1.5707,0.062828
25,31,55,2024-08-21,2024-09-25,72.0,1.1771,1.8581,0.074324
25,32,56,2024-08-25,2024-09-26,72.0,1.1651,1.8519,0.074076
25,33,57,2024-08-26,2024-09-28,72.0,1.181,1.9643,0.078572
25,34,58,2024-08-28,2024-10-01,68.0,1.0117,0.5084,0.020336
25,35,59,2024-08-28,2024-10-04,64.0,0.8502,-1.2997,-0.051988
25,36,60,2024-08-30,2024-10-06,60.0,0.7375,-2.9271,-0.117084
25,37,61,2024-09-02,2024-10-07,56.0,0.6215,-4.8602,-0.194408
25,38,62,2024-09-03,2024-10-08,56.0,0.6862,-3.6866,-0.147464
25,39,63,2024-09-03,2024-10-08,56.0,0.692,-3.4325,-0.1373
25,40,64,2024-09-05,2024-10-08,56.0,0.7038,-3.2087,-0.128348
25,41,65,2024-09-06,2024-10-09,52.0,0.5898,-5.0874,-0.203496
25,42,66,2024-09-06,2024-10-10,52.0,0.5804,-5.0859,-0.203436
25,43,67,2024-09-08,2024-10-13,52.0,0.5884,-5.2186,-0.208744
25,44,68,2024-09-09,2024-10-14,52.0,0.5976,-5.3319,-0.213276
25,45,69,2024-09-09,2024-10-20,52.0,0.6099,-5.4251,-0.217004
25,46,70,2024-09-09,2024-10-22,52.0,0.5993,-5.3917,-0.215668
25,47,71,2024-09-11,2024-10-23,48.0,0.5227,-7.0443,-0.281772
25,48,72,2024-09-11,2024-10-25,48.0,0.5037,-7.1052,-0.284208
25,49,73,2024-09-12,2024-10-29,48.0,0.4952,-7.0955,-0.28382
25,50,74,2024-09-13,2024-10-30,44.0,0.43,-8.7399,-0.349596
25,51,75,2024-09-13,2024-10-30,48.0,0.5571,-5.9501,-0.238004
25,52,76,2024-09-16,2024-11-01,48.0,0.5601,-5.7263,-0.229052
25,53,77,2024-09-17,2024-11-03,44.0,0.4688,-7.6138,-0.304552
25,54,78,2024-09-20,2024-11-07,48.0,0.5319,-6.1873,-0.247492
25,55,79,2024-09-25,2024-11-08,52.0,0.6124,-4.6351,-0.185404
25,56,80,2024-09-26,2024-11-09,52.0,0.61,-4.5192,-0.180768
25,57,81,2024-09-28,2024-11-11,52.0,0.6225,-4.5325,-0.1813
25,58,82,2024-10-01,2024-11-13,48.0,0.5454,-6.1004,-0.244016
25,59,83,2024-10-04,2024-11-15,52.0,0.6132,-4.7494,-0.189976
25,60,84,2024-10-06,2024-11-15,52.0,0.6285,-4.7083,-0.188332
25,61,85,2024-10-07,2024-11-17,56.0,0.7609,-2.5181,-0.100724
25,62,86,2024-10-08,2024-11-19,60.0,0.883,-0.8227,-0.032908
25,63,87,2024-10-08,2024-11-19,60.0,0.7821,-1.9671,-0.078684
25,64,88,2024-10-08,2024-11-20,60.0,0.7292,-2.4846,-0.099384
25,65,89,2024-10-09,2024-11-21,60.0,0.7009,-2.7454,-0.109816
25,66,90,2024-10-10,2024-11-23,64.0,0.8379,-1.1102,-0.044408
25,67,91,2024-10-13,2024-11-25,64.0,0.8097,-1.3608,-0.054432
25,68,92,2024-10-14,2024-11-26,68.0,0.9994,0.4508,0.018032
25,69,93,2024-10-20,2024-12-01,68.0,1.0038,0.4884,0.019536
25,70,94,2024-10-22,2024-12-02,72.0,1.3081,2.8298,0.113192
25,71,95,2024-10-23,2024-12-02,72.0,1.3393,2.9834,0.119336
25,72,96,2024-10-25,2024-12-04,72.0,1.32,3.0104,0.120416
25,73,97,2024-10-29,2024-12-04,72.0,1.2776,2.6169,0.104676
25,74,98,2024-10-30,2024-12-09,72.0,1.2589,2.4383,0.097532
25,75,99,2024-10-30,2024-12-14,76.0,1.5949,4.4153,0.176612
25,76,100,2024-11-01,2024-12-16,76.0,1.6721,4.586,0.18344
25,77,101,2024-11-03,2024-12-16,72.0,1.3228,2.853,0.11412
25,78,102,2024-11-07,2024-12-22,72.0,1.3138,2.9346,0.117384
25,79,103,2024-11-08,2024-12-26,72.0,1.3198,2.9361,0.117444
25,80,104,2024-11-09,2024-12-30,72.0,1.301,2.7416,0.109664
25,81,105,2024-11-11,2024-12-31,72.0,1.2615,2.3869,0.095476
25,82,106,2024-11-13,2025-01-01,72.0,1.2328,2.3225,0.0929
25,83,107,2024-11-14,2025-01-02,76.0,1.4784,3.8543,0.154172
25,84,108,2024-11-15,2025-01-05,76.0,1.5623,4.3677,0.174708
25,85,109,2024-11-17,2025-01-07,76.0,1.5166,4.3705,0.17482
25,86,110,2024-11-18,2025-01-09,76.0,1.5003,4.083,0.16332
25,87,111,2024-11-19,2025-01-09,76.0,1.4752,3.8276,0.153104
25,88,112,2024-11-20,2025-01-10,76.0,1.5178,4.0391,0.161564
25,89,113,2024-11-21,2025-01-13,76.0,1.6475,4.7966,0.191864
25,90,114,2024-11-23,2025-01-13,76.0,1.727,5.2362,0.209448
25,91,115,2024-11-25,2025-01-15,76.0,1.7679,5.3623,0.214492
25,92,116,2024-11-26,2025-01-15,76.0,1.8147,5.5822,0.223288
25,93,117,2024-12-01,2025-01-18,72.0,1.4424,3.8593,0.154372
25,94,118,2024-12-02,2025-01-20,76.0,1.7327,5.3691,0.214764
25,95,119,2024-12-02,2025-01-23,76.0,1.7117,5.0305,0.20122
25,96,120,2024-12-03,2025-01-23,76.0,1.6527,4.5197,0.180788
25,97,121,2024-12-04,2025-01-24,80.0,2.0581,6.1114,0.244456
25,98,122,2024-12-09,2025-01-26,76.0,1.6595,4.8642,0.194568
25,99,123,2024-12-13,2025-01-27,72.0,1.3821,3.5683,0.142732
25,100,124,2024-12-16,2025-01-27,72.0,1.3389,3.1224,0.124896
25,101,125,2024-12-16,2025-01-27,68.0,0.9806,0.2092,0.008368
25,102,126,2024-12-22,2025-01-31,68.0,0.975,0.1483,0.005932
25,103,127,2024-12-26,2025-02-01,72.0,1.2156,2.2152,0.088608
25,104,128,2024-12-30,2025-02-01,68.0,1.0397,0.7956,0.031824
25,105,129,2024-12-31,2025-02-06,68.0,1.0293,0.6893,0.027572
25,106,130,2025-01-01,2025-02-06,64.0,0.9036,-0.6209,-0.024836
25,107,131,2025-01-02,2025-02-07,64.0,0.9133,-0.5641,-0.022564
25,108,132,2025-01-04,2025-02-09,60.0,0.8008,-2.0808,-0.083232
25,109,133,2025-01-07,2025-02-09,60.0,0.7588,-2.5445,-0.10178
25,110,134,2025-01-09,2025-02-11,64.0,0.8556,-1.2441,-0.049764
25,111,135,2025-01-09,2025-02-12,64.0,0.8293,-1.4996,-0.059984
25,112,136,2025-01-10,2025-02-16,64.0,0.9082,-0.549,-0.02196
25,113,137,2025-01-13,2025-02-17,64.0,0.8969,-0.641,-0.02564
25,114,138,2025-01-13,2025-02-18,64.0,0.8737,-0.8225,-0.0329
25,115,139,2025-01-15,2025-02-19,60.0,0.7299,-2.5347,-0.101388
25,116,140,2025-01-15,2025-02-19,60.0,0.6938,-2.8588,-0.114352
25,117,141,2025-01-18,2025-02-20,60.0,0.9351,0.0427,0.001708
25,118,142,2025-01-20,2025-02-24,64.0,1.1445,1.9434,0.077736
25,119,143,2025-01-23,2025-03-02,60.0,0.9764,0.457,0.01828
25,120,144,2025-01-23,2025-03-06,60.0,0.9523,0.2177,0.008708
25,121,145,2025-01-23,2025-03-09,56.0,0.8338,-1.1425,-0.0457
25,122,146,2025-01-26,2025-03-13,56.0,0.8157,-1.3032,-0.052128
25,123,147,2025-01-27,2025-03-16,60.0,1.1456,2.222,0.08888
25,124,148,2025-01-27,2025-03-17,64.0,1.3984,4.2194,0.168776
25,125,149,2025-01-27,2025-03-17,64.0,1.4009,4.1811,0.167244
25,126,150,2025-01-31,2025-03-18,68.0,1.6634,5.7668,0.230672
25,127,151,2025-02-01,2025-03-26,72.0,2.1409,8.1751,0.327004
25,128,152,2025-02-01,2025-03-28,68.0,1.687,6.1252,0.245008
25,129,153,2025-02-05,2025-03-28,72.0,1.9977,7.6817,0.307268
25,130,154,2025-02-06,2025-03-30,72.0,2.0104,7.7051,0.308204
25,131,155,2025-02-07,2025-03-31,76.0,2.4395,9.4352,0.377408
25,132,156,2025-02-09,2025-04-04,76.0,2.2693,9.4555,0.37822
25,133,157,2025-02-09,2025-04-04,80.0,2.712,11.0941,0.443764
25,134,158,2025-02-11,2025-04-04,80.0,2.8813,11.7632,0.470528
25,135,159,2025-02-12,2025-04-05,80.0,3.1941,13.0787,0.523148
25,136,160,2025-02-15,2025-04-06,80.0,3.1704,12.7835,0.51134
25,137,161,2025-02-17,2025-04-16,80.0,3.0705,11.8244,0.472976
25,138,162,2025-02-18,2025-04-20,80.0,3.2296,12.2332,0.489328
25,139,163,2025-02-19,2025-04-20,80.0,3.2856,12.0039,0.480156
25,140,164,2025-02-19,2025-04-22,84.0,4.0028,13.3399,0.533596
25,141,165,2025-02-20,2025-04-23,80.0,2.908,11.894,0.47576
25,142,166,2025-02-24,2025-04-25,80.0,2.5694,8.961,0.35844
25,143,167,2025-03-02,2025-04-28,80.0,2.5365,8.5425,0.3417
25,144,168,2025-03-06,2025-04-28,84.0,3.293,10.4234,0.416936
25,145,169,2025-03-09,2025-04-30,84.0,3.3921,10.6047,0.424188
25,146,170,2025-03-13,2025-05-01,84.0,2.9339,10.5028,0.420112
25,147,171,2025-03-16,2025-05-02,84.0,3.2724,11.7332,0.469328
25,148,172,2025-03-17,2025-05-04,84.0,3.1205,10.0961,0.403844
25,149,173,2025-03-17,2025-05-05,84.0,3.2438,10.1984,0.407936
25,150,174,2025-03-18,2025-05-05,84.0,3.4171,10.665,0.4266
25,151,175,2025-03-26,2025-05-05,84.0,3.5952,11.0546,0.442184
25,152,176,2025-03-28,2025-05-06,84.0,3.5443,10.3711,0.414844
25,153,177,2025-03-28,2025-05-07,84.0,3.0728,10.3067,0.412268
25,154,178,2025-03-30,2025-05-08,84.0,3.235,10.718,0.42872
25,155,179,2025-03-31,2025-05-08,84.0,3.2737,10.7772,0.431088
25,156,180,2025-04-04,2025-05-11,84.0,3.2641,10.4657,0.418628
25,157,181,2025-04-04,2025-05-13,88.0,4.1567,11.9283,0.477132
25,158,182,2025-04-04,2025-05-14,88.0,4.2709,12.0025,0.4801
25,159,183,2025-04-05,2025-05-19,84.0,2.8373,9.85,0.394
25,160,184,2025-04-06,2025-05-21,84.0,2.79,9.0824,0.363296
25,161,185,2025-04-16,2025-05-21,84.0,2.8505,9.2738,0.370952
25,162,186,2025-04-20,2025-05-25,84.0,2.8816,9.3047,0.372188
25,163,187,2025-04-20,2025-05-25,84.0,2.9655,9.2722,0.370888
25,164,188,2025-04-22,2025-05-26,80.0,2.1308,7.2857,0.291428
25,165,189,2025-04-23,2025-05-28,80.0,2.2034,7.5777,0.303108
25,166,190,2025-04-25,2025-05-28,84.0,2.7698,9.3651,0.374604
25,167,191,2025-04-28,2025-05-29,84.0,2.9165,9.8189,0.392756
25,168,192,2025-04-28,2025-05-29,84.0,2.9912,9.969,0.39876
25,169,193,2025-04-29,2025-05-31,80.0,2.2387,8.1503,0.326012
25,170,194,2025-05-01,2025-06-01,80.0,2.4341,8.9726,0.358904
25,171,195,2025-05-02,2025-06-01,80.0,2.1614,8.7619,0.350476
25,172,196,2025-05-04,2025-06-02,80.0,2.2235,8.582,0.34328
25,173,197,2025-05-05,2025-06-03,76.0,1.7541,6.5962,0.263848
25,174,198,2025-05-05,2025-06-05,72.0,1.4221,4.489,0.17956
25,175,199,2025-05-05,2025-06-05,68.0,1.1915,2.5841,0.103364
25,176,200,2025-05-06,2025-06-05,68.0,1.1473,2.0463,0.081852
25,177,201,2025-05-06,2025-06-08,64.0,0.9668,0.1456,0.005824
25,178,202,2025-05-08,2025-06-08,68.0,1.1206,1.8572,0.074288
25,179,203,2025-05-08,2025-06-08,64.0,0.941,-0.1914,-0.007656
25,180,204,2025-05-11,2025-06-09,60.0,0.8383,-1.6651,-0.066604
25,181,205,2025-05-13,2025-06-11,60.0,0.8546,-1.3823,-0.055292
25,182,206,2025-05-14,2025-06-12,60.0,0.8722,-1.0937,-0.043748
25,183,207,2025-05-19,2025-06-15,60.0,0.8813,-0.9136,-0.036544
25,184,208,2025-05-21,2025-06-21,64.0,1.0075,0.6503,0.026012
25,185,209,2025-05-21,2025-06-22,60.0,0.8633,-1.1871,-0.047484
25,186,210,2025-05-25,2025-06-23,56.0,0.7759,-2.5742,-0.102968
25,187,211,2025-05-25,2025-06-25,56.0,0.8079,-2.0339,-0.081356
25,188,212,2025-05-26,2025-06-26,56.0,0.8126,-1.8303,-0.073212
25,189,213,2025-05-28,2025-06-30,60.0,1.0294,1.0021,0.040084
25,190,214,2025-05-28,2025-07-01,60.0,1.0092,0.7568,0.030272
25,191,215,2025-05-29,2025-07-02,56.0,0.8619,-1.0999,-0.043996
25,192,216,2025-05-29,2025-07-03,52.0,0.7318,-3.0674,-0.122696
25,193,217,2025-05-31,2025-07-04,48.0,0.644,-4.7066,-0.188264
25,194,218,2025-06-01,2025-07-06,52.0,0.7727,-2.4702,-0.098808
25,195,219,2025-06-01,2025-07-07,48.0,0.6167,-5.0477,-0.201908
25,196,220,2025-06-01,2025-07-07,48.0,0.6347,-5.0082,-0.200328
25,197,221,2025-06-02,2025-07-12,48.0,0.5561,-5.9612,-0.238448
25,198,222,2025-06-05,2025-07-20,48.0,0.5625,-6.2038,-0.248152
25,199,223,2025-06-05,2025-07-22,52.0,0.6446,-4.5619,-0.182476
25,200,224,2025-06-05,2025-07-25,52.0,0.6559,-4.6023,-0.184092
25,201,225,2025-06-08,2025-07-25,52.0,0.6526,-4.5552,-0.182208
25,202,226,2025-06-08,2025-07-26,56.0,0.7726,-2.5027,-0.100108
25,203,227,2025-06-08,2025-07-27,56.0,1.0744,2.6311,0.105244
25,204,228,2025-06-09,2025-07-30,60.0,1.2317,4.288,0.17152
25,205,229,2025-06-10,2025-07-30,60.0,1.2213,4.346,0.17384
25,206,230,2025-06-12,2025-07-31,60.0,1.2274,4.3333,0.173332
25,207,231,2025-06-15,2025-08-06,60.0,1.2597,4.6,0.184
25,208,232,2025-06-21,2025-08-07,60.0,1.2308,4.1925,0.1677
25,209,233,2025-06-22,2025-08-10,60.0,1.2602,4.4435,0.17774
25,210,234,2025-06-23,2025-08-11,64.0,1.4749,6.247,0.24988
25,211,235,2025-06-25,2025-08-19,64.0,1.4406,6.2593,0.250372
25,212,236,2025-06-25,2025-08-20,60.0,1.2296,4.3784,0.175136
25,213,237,2025-06-30,2025-08-20,60.0,1.1941,3.847,0.15388
25,214,238,2025-07-01,2025-08-21,56.0,0.9542,1.0885,0.04354
25,215,239,2025-07-02,2025-08-26,56.0,1.0563,2.3619,0.094476
25,216,240,2025-07-03,2025-08-27,60.0,1.2546,4.3829,0.175316
25,217,241,2025-07-04,2025-08-31,60.0,1.2165,4.2136,0.168544
25,218,242,2025-07-06,2025-08-31,64.0,1.3903,5.86,0.2344
25,219,243,2025-07-07,2025-09-01,60.0,1.137,3.3705,0.13482
25,220,244,2025-07-07,2025-09-01,64.0,1.3275,5.3585,0.21434
25,221,245,2025-07-11,2025-09-02,64.0,1.3272,5.5785,0.22314
25,222,246,2025-07-20,2025-09-04,64.0,1.3357,5.5883,0.223532
25,223,247,2025-07-22,2025-09-05,68.0,1.6016,7.9847,0.319388
25,224,248,2025-07-25,2025-09-07,64.0,1.3843,6.3112,0.252448
25,225,249,2025-07-25,2025-09-08,64.0,1.3654,6.3994,0.255976
25,226,250,2025-07-25,2025-09-10,64.0,1.4303,7.0663,0.282652
25,227,251,2025-07-27,2025-09-10,64.0,1.4577,7.1915,0.28766
25,228,252,2025-07-30,2025-09-10,64.0,1.1365,2.0173,0.080692
25,229,253,2025-07-30,2025-09-12,64.0,1.1291,1.9047,0.076188
25,230,254,2025-07-31,2025-09-12,64.0,1.1299,1.9867,0.079468
25,231,255,2025-08-06,2025-09-14,64.0,1.3469,4.241,0.16964
25,232,256,2025-08-07,2025-09-17,64.0,1.3185,3.8284,0.153136
25,233,257,2025-08-10,2025-09-20,60.0,1.0769,1.5429,0.061716
25,234,258,2025-08-11,2025-09-21,60.0,1.1362,2.2085,0.08834
25,235,259,2025-08-19,2025-09-22,60.0,1.1131,1.8997,0.075988
25,236,260,2025-08-20,2025-09-23,64.0,1.3062,3.7399,0.149596
25,237,261,2025-08-20,2025-09-23,68.0,1.5785,5.9295,0.23718
25,238,262,2025-08-21,2025-09-24,68.0,1.5889,5.8684,0.234736
25,239,263,2025-08-26,2025-09-26,68.0,1.5399,5.8755,0.23502
25,240,264,2025-08-27,2025-10-04,64.0,1.2416,3.214,0.12856
25,241,265,2025-08-31,2025-10-04,64.0,1.2239,2.9315,0.11726
25,242,266,2025-08-31,2025-10-06,64.0,1.2131,2.9854,0.119416
25,243,267,2025-09-01,2025-10-09,64.0,1.2266,3.0678,0.122712
25,244,268,2025-09-01,2025-10-09,64.0,1.231,3.2596,0.130384
25,245,269,2025-09-02,2025-10-09,64.0,1.2446,3.3051,0.132204
25,246,270,2025-09-04,2025-10-10,68.0,1.4879,5.5138,0.220552
25,247,271,2025-09-05,2025-10-12,68.0,1.5133,5.6368,0.225472
25,248,272,2025-09-07,2025-10-13,68.0,1.5949,6.1188,0.244752
25,249,273,2025-09-08,2025-10-16,72.0,1.8202,7.5079,0.300316
25,250,274,2025-09-09,2025-10-18,76.0,2.1054,9.0296,0.361184
25,251,275,2025-09-10,2025-10-20,76.0,2.0312,8.198,0.32792
25,252,276,2025-09-10,2025-10-21,76.0,2.0362,7.953,0.31812
25,253,277,2025-09-12,2025-10-22,76.0,2.2094,8.8155,0.35262
25,254,278,2025-09-12,2025-10-22,72.0,1.7879,7.2357,0.289428
25,255,279,2025-09-14,2025-10-22,76.0,2.0418,8.5588,0.342352
25,256,280,2025-09-17,2025-10-26,76.0,1.9129,6.786,0.27144
25,257,281,2025-09-20,2025-10-27,76.0,2.0039,7.1879,0.287516
25,258,282,2025-09-21,2025-10-27,80.0,2.7581,10.0412,0.401648
25,259,283,2025-09-22,2025-10-28,80.0,2.7232,9.3922,0.375688
25,260,284,2025-09-23,2025-10-28,80.0,2.7663,9.4203,0.376812
25,261,285,2025-09-23,2025-10-29,80.0,2.7848,9.2118,0.368472
25,262,286,2025-09-24,2025-10-30,80.0,2.8535,9.085,0.3634
25,263,287,2025-09-26,2025-10-31,76.0,2.1345,7.4259,0.297036
25,264,288,2025-10-04,2025-11-02,76.0,1.962,7.2961,0.291844
25,265,289,2025-10-04,2025-11-08,80.0,2.3046,8.6576,0.346304
25,266,290,2025-10-06,2025-11-09,80.0,2.4496,9.2149,0.368596
25,267,291,2025-10-09,2025-11-10,80.0,2.3226,9.382,0.37528
25,268,292,2025-10-09,2025-11-13,80.0,2.3335,9.2192,0.368768
25,269,293,2025-10-09,2025-11-13,80.0,2.1926,9.28,0.3712
25,270,294,2025-10-10,2025-11-16,80.0,2.1966,8.998,0.35992
25,271,295,2025-10-12,2025-11-17,80.0,2.1229,8.1882,0.327528
25,272,296,2025-10-13,2025-11-17,80.0,2.1118,7.9325,0.3173
25,273,297,2025-10-15,2025-11-24,76.0,1.6139,5.3394,0.213576
25,274,298,2025-10-18,2025-11-28,76.0,1.779,6.4548,0.258192
25,275,299,2025-10-20,2025-11-28,76.0,1.7875,6.391,0.25564
25,276,300,2025-10-21,2025-11-29,76.0,1.8076,6.462,0.25848
25,277,301,2025-10-22,2025-12-01,72.0,1.4909,4.7902,0.191608
25,278,302,2025-10-22,2025-12-03,72.0,1.4576,4.2524,0.170096
25,279,303,2025-10-22,2025-12-03,76.0,1.7448,5.8976,0.235904
25,280,304,2025-10-26,2025-12-04,76.0,1.7967,6.1711,0.246844
25,281,305,2025-10-27,2025-12-07,72.0,1.3993,3.8731,0.154924
25,282,306,2025-10-27,2025-12-11,68.0,1.1471,1.8952,0.075808
25,283,307,2025-10-28,2025-12-15,68.0,1.1054,1.435,0.0574
25,284,308,2025-10-28,2025-12-17,68.0,1.0854,1.2181,0.048724
25,285,309,2025-10-29,2025-12-17,64.0,0.9295,-0.273,-0.01092
25,286,310,2025-10-30,2025-12-18,64.0,0.9574,0.0431,0.001724
25,287,311,2025-10-31,2025-12-21,64.0,1.0048,0.5447,0.021788
25,288,312,2025-11-02,2025-12-26,68.0,1.1844,2.0369,0.081476
25,289,313,2025-11-07,2025-12-26,72.0,1.4841,4.0227,0.160908
25,290,314,2025-11-09,2025-12-28,72.0,1.5284,4.2742,0.170968
25,291,315,2025-11-10,2025-12-29,68.0,1.1963,2.0999,0.083996
25,292,316,2025-11-13,2025-12-29,72.0,1.4393,3.715,0.1486
25,293,317,2025-11-13,2025-12-30,72.0,1.5035,4.0889,0.163556
25,294,318,2025-11-16,2025-12-31,72.0,1.4525,4.0356,0.161424
25,295,319,2025-11-17,2026-01-02,72.0,1.4984,4.274,0.17096
25,296,320,2025-11-17,2026-01-06,72.0,1.561,4.6598,0.186392
25,297,321,2025-11-24,2026-01-08,72.0,1.6446,5.1585,0.20634
25,298,322,2025-11-28,2026-01-09,76.0,2.1845,7.8629,0.314516
25,299,323,2025-11-28,2026-01-10,72.0,1.595,5.1706,0.206824
25,300,324,2025-11-29,2026-01-11,72.0,1.7167,5.9371,0.237484
25,301,325,2025-12-01,2026-01-12,72.0,1.8498,6.7446,0.269784
25,302,326,2025-12-03,2026-01-13,76.0,2.1889,8.2282,0.329128
25,303,327,2025-12-03,2026-01-15,72.0,1.7151,6.2082,0.248328
25,304,328,2025-12-04,2026-01-17,68.0,1.4074,4.4799,0.179196
25,305,329,2025-12-07,2026-01-20,68.0,1.4235,4.5274,0.181096
25,306,330,2025-12-11,2026-01-23,72.0,1.7072,6.4507,0.258028
25,307,331,2025-12-14,2026-01-27,76.0,2.0381,8.2903,0.331612
25,308,332,2025-12-17,2026-01-27,72.0,1.6617,6.5903,0.263612
25,309,333,2025-12-17,2026-01-28,72.0,1.8357,7.8367,0.313468
25,310,334,2025-12-18,2026-01-29,76.0,2.1056,9.2969,0.371876
25,311,335,2025-12-21,2026-02-03,76.0,2.2134,9.6671,0.386684
25,312,336,2025-12-26,2026-02-03,76.0,2.1742,8.8862,0.355448
25,313,337,2025-12-26,2026-02-06,76.0,2.1839,8.809,0.35236
25,314,338,2025-12-27,2026-02-07,76.0,2.1891,8.586,0.34344
25,315,339,2025-12-29,2026-02-08,76.0,2.175,8.3264,0.333056
25,316,340,2025-12-29,2026-02-09,80.0,2.6426,10.0396,0.401584
25,317,341,2025-12-29,2026-02-09,80.0,2.7206,10.1892,0.407568
25,318,342,2025-12-31,2026-02-14,80.0,2.6505,9.5612,0.382448
25,319,343,2026-01-02,2026-02-16,84.0,3.3495,11.3495,0.45398
25,320,344,2026-01-06,2026-02-19,84.0,3.6511,12.0808,0.483232
25,321,345,2026-01-08,2026-02-20,84.0,3.7266,12.0312,0.481248
25,322,346,2026-01-08,2026-02-25,80.0,2.672,10.1033,0.404132
25,323,347,2026-01-10,2026-02-25,80.0,2.5503,8.9406,0.357624
25,324,348,2026-01-11,2026-03-06,84.0,3.3302,10.8159,0.432636
25,325,349,2026-01-12,2026-03-09,84.0,3.4736,10.8413,0.433652
25,326,350,2026-01-12,2026-03-09,84.0,3.5461,10.6292,0.425168
25,327,351,2026-01-15,2026-03-09,84.0,3.8371,11.3664,0.454656
25,328,352,2026-01-17,2026-03-10,88.0,5.3293,13.4013,0.536052
25,329,353,2026-01-20,2026-03-10,92.0,7.8112,14.9836,0.599344
25,330,354,2026-01-23,2026-03-11,92.0,7.8561,14.758,0.59032
25,331,355,2026-01-27,2026-03-11,92.0,7.885,14.4158,0.576632
25,332,356,2026-01-27,2026-03-12,92.0,7.9598,14.1285,0.56514
25,333,357,2026-01-27,2026-03-12,96.0,14.4954,15.9147,0.636588
25,334,358,2026-01-29,2026-03-15,92.0,5.4314,13.0249,0.520996
25,335,359,2026-02-03,2026-03-18,92.0,5.6455,13.2817,0.531268
25,336,360,2026-02-03,2026-03-18,88.0,3.4943,10.9452,0.437808
25,337,361,2026-02-06,2026-03-20,88.0,3.4922,10.6413,0.425652
25,338,362,2026-02-07,2026-03-22,88.0,3.5349,10.6515,0.42606
25,339,363,2026-02-08,2026-03-22,88.0,3.5754,10.5679,0.422716
25,340,364,2026-02-08,2026-03-28,84.0,2.5724,9.1359,0.365436
25,341,365,2026-02-09,2026-03-29,84.0,2.7956,9.9082,0.396328
25,342,366,2026-02-14,2026-04-01,80.0,2.1458,8.1371,0.325484
25,343,367,2026-02-16,2026-04-05,76.0,1.7493,6.7511,0.270044
25,344,368,2026-02-19,2026-04-05,76.0,1.7437,6.5334,0.261336
25,345,369,2026-02-20,2026-04-06,72.0,1.3717,3.9163,0.156652
25,346,370,2026-02-25,2026-04-06,68.0,1.1584,2.1686,0.086744
25,347,371,2026-02-25,2026-04-07,68.0,1.132,2.0179,0.080716
25,348,372,2026-03-06,2026-04-09,68.0,1.1427,2.1046,0.084184
25,349,373,2026-03-09,2026-04-11,64.0,0.9922,0.4183,0.016732
25,350,374,2026-03-09,2026-04-16,64.0,0.9582,-0.0092,-0.000368
25,351,375,2026-03-09,2026-04-21,64.0,0.9483,-0.1073,-0.004292
25,352,376,2026-03-10,2026-04-22,60.0,0.775,-2.3577,-0.094308
25,353,377,2026-03-10,2026-04-22,60.0,0.8081,-1.7695,-0.07078
25,354,378,2026-03-11,2026-04-23,60.0,0.856,-1.1226,-0.044904
25,355,379,2026-03-11,2026-04-26,56.0,0.7407,-2.8404,-0.113616
25,356,380,2026-03-12,2026-04-26,56.0,0.8135,-1.7122,-0.068488
25,357,381,2026-03-12,2026-04-27,52.0,0.7146,-3.2784,-0.131136
25,358,382,2026-03-15,2026-05-03,52.0,0.7461,-2.667,-0.10668
25,359,383,2026-03-18,2026-05-07,56.0,0.9151,-0.33,-0.0132
25,360,384,2026-03-18,2026-05-08,52.0,0.7822,-2.1861,-0.087444
25,361,385,2026-03-20,2026-05-15,56.0,0.9056,-0.4695,-0.01878
25,362,386,2026-03-21,2026-05-16,52.0,0.7969,-2.0609,-0.082436
25,363,387,2026-03-22,2026-05-16,48.0,0.7044,-3.7856,-0.151424
25,364,388,2026-03-28,2026-05-20,48.0,0.7088,-3.5958,-0.143832
25,365,389,2026-03-29,2026-05-21,52.0,0.872,-0.9534,-0.038136
25,366,390,2026-04-01,2026-05-22,52.0,0.835,-1.3509,-0.054036
25,367,391,2026-04-05,2026-05-23,56.0,0.9795,0.5182,0.020728
25,368,392,2026-04-05,2026-05-25,60.0,1.138,2.2282,0.089128
25,369,393,2026-04-05,2026-05-26,56.0,0.9921,0.6623,0.026492
25,370,394,2026-04-06,2026-05-27,60.0,1.148,2.4103,0.096412
25,371,395,2026-04-07,2026-05-28,64.0,1.3384,4.2145,0.16858
25,372,396,2026-04-09,2026-06-01,64.0,1.3338,4.3795,0.17518
25,373,397,2026-04-11,2026-06-02,64.0,1.3482,4.4336,0.177344
25,374,398,2026-04-16,2026-06-10,68.0,1.5398,5.9853,0.239412
25,375,399,2026-04-21,2026-06-11,68.0,1.5202,5.6378,0.225512
25,376,400,2026-04-22,2026-06-21,68.0,1.5968,6.1095,0.24438
25,377,401,2026-04-22,2026-06-21,72.0,1.9719,8.5456,0.341824
25,378,402,2026-04-23,2026-06-24,68.0,1.5642,5.959,0.23836
25,379,403,2026-04-26,2026-06-24,68.0,1.5387,5.522,0.22088
25,380,404,2026-04-26,2026-06-28,72.0,1.8823,7.6145,0.30458
25,381,405,2026-04-27,2026-06-29,72.0,1.8597,7.0093,0.280372
25,382,406,2026-05-03,2026-07-01,76.0,2.2141,8.6247,0.344988
25,383,407,2026-05-07,2026-07-02,76.0,2.1691,7.9796,0.319184
25,384,408,2026-05-08,2026-07-04,76.0,2.1263,7.3964,0.295856
25,385,409,2026-05-15,2026-07-05,76.0,2.0289,7.492,0.29968
25,386,410,2026-05-15,2026-07-06,76.0,2.1433,7.9555,0.31822
25,387,411,2026-05-16,2026-07-06,80.0,2.6502,9.7317,0.389268
25,388,412,2026-05-20,2026-07-09,84.0,3.5284,11.95,0.478
25,389,413,2026-05-21,2026-07-12,84.0,3.6949,12.248,0.48992
25,390,414,2026-05-22,2026-07-13,84.0,3.6213,11.3384,0.453536
25,391,415,2026-05-23,2026-07-15,84.0,3.7459,11.3046,0.452184
25,392,416,2026-05-25,2026-07-15,84.0,3.9015,11.444,0.45776
25,393,417,2026-05-26,2026-07-16,80.0,2.7205,9.7633,0.390532
25,394,418,2026-05-27,2026-07-17,84.0,3.3599,11.2749,0.450996
25,395,419,2026-05-28,2026-07-19,84.0,3.5645,11.7162,0.468648
25,396,420,2026-06-01,2026-07-20,84.0,3.6167,11.5945,0.46378
25,397,421,2026-06-02,2026-07-20,84.0,3.1382,11.5538,0.462152
25,398,422,2026-06-10,2026-07-20,84.0,3.2645,11.8036,0.472144
25,399,423,2026-06-11,2026-07-20,80.0,2.4486,10.2142,0.408568
25,400,424,2026-06-21,2026-07-22,76.0,1.9598,8.6027,0.344108
25,401,425,2026-06-21,2026-07-22,76.0,1.9279,7.9599,0.318396
25,402,426,2026-06-24,2026-07-27,76.0,1.9293,7.5481,0.301924
25,403,427,2026-06-24,2026-07-28,76.0,1.8066,7.4385,0.29754
25,404,428,2026-06-28,2026-07-29,72.0,1.5267,5.8127,0.232508
25,405,429,2026-06-29,2026-07-30,68.0,1.293,3.9238,0.156952
25,406,430,2026-07-01,2026-07-31,68.0,1.2893,3.7386,0.149544
25,407,431,2026-07-02,2026-08-01,64.0,1.1271,2.1301,0.085204
25,408,432,2026-07-04,2026-08-02,60.0,0.9893,0.4306,0.017224
25,409,433,2026-07-05,2026-08-05,60.0,1.0268,0.9558,0.038232
25,410,434,2026-07-06,2026-08-05,64.0,1.1877,2.8898,0.115592
25,411,435,2026-07-06,2026-08-07,60.0,0.995,0.5292,0.021168
25,412,436,2026-07-09,2026-08-09,60.0,1.2966,4.6607,0.186428
25,413,437,2026-07-12,2026-08-10,56.0,1.1206,2.7132,0.108528
25,414,438,2026-07-13,2026-08-14,56.0,1.1065,2.459,0.09836
25,415,439,2026-07-15,2026-08-14,56.0,1.1359,2.7869,0.111476
25,416,440,2026-07-15,2026-08-20,52.0,0.9695,0.683,0.02732
25,417,441,2026-07-16,2026-08-21,48.0,0.8295,-1.4317,-0.057268
25,418,442,2026-07-17,2026-08-22,48.0,0.8433,-1.3287,-0.053148
25,419,443,2026-07-18,2026-08-24,48.0,0.8686,-0.8599,-0.034396
25,420,444,2026-07-20,2026-08-24,48.0,0.8225,-1.474,-0.05896
50,0,49,2024-06-20,2024-09-12,68.0,1.0554,1.8408,0.036816
50,1,50,2024-06-21,2024-09-13,68.0,1.0585,1.9473,0.038946
50,2,51,2024-06-21,2024-09-14,68.0,1.0633,2.013,0.04026
50,3,52,2024-06-22,2024-09-16,68.0,1.0607,1.9214,0.038428
50,4,53,2024-06-30,2024-09-18,68.0,1.0823,2.3313,0.046626
50,5,54,2024-06-30,2024-09-20,68.0,1.0785,2.3474,0.046948
50,6,55,2024-07-03,2024-09-25,68.0,1.0754,2.2464,0.044928
50,7,56,2024-07-07,2024-09-26,66.0,0.9796,0.4598,0.009196
50,8,57,2024-07-07,2024-09-28,68.0,1.0653,2.0799,0.041598
50,9,58,2024-07-09,2024-10-01,66.0,0.9792,0.4338,0.008676
50,10,59,2024-07-10,2024-10-04,64.0,0.8919,-1.4755,-0.02951
50,11,60,2024-07-11,2024-10-06,62.0,0.8166,-3.3581,-0.067162
50,12,61,2024-07-19,2024-10-07,62.0,0.8212,-3.467,-0.06934
50,13,62,2024-07-20,2024-10-08,62.0,0.8296,-2.9681,-0.059362
50,14,63,2024-07-21,2024-10-08,62.0,0.8332,-2.7202,-0.054404
50,15,64,2024-07-21,2024-10-08,62.0,0.8122,-3.0637,-0.061274
50,16,65,2024-07-23,2024-10-09,62.0,0.8226,-3.018,-0.06036
50,17,66,2024-07-24,2024-10-10,64.0,0.89,-1.4498,-0.028996
50,18,67,2024-07-25,2024-10-13,62.0,0.8251,-3.0823,-0.061646
50,19,68,2024-07-27,2024-10-14,62.0,0.8315,-3.1404,-0.062808
50,20,69,2024-07-29,2024-10-20,62.0,0.8307,-3.4124,-0.068248
50,21,70,2024-08-04,2024-10-22,62.0,0.8174,-3.5906,-0.071812
50,22,71,2024-08-09,2024-10-23,62.0,0.8257,-3.5877,-0.071754
50,23,72,2024-08-14,2024-10-25,64.0,0.8875,-1.8998,-0.037996
50,24,73,2024-08-16,2024-10-29,64.0,0.8857,-1.8926,-0.037852
50,25,74,2024-08-17,2024-10-30,62.0,0.8254,-3.6151,-0.072302
50,26,75,2024-08-18,2024-10-30,62.0,0.8449,-2.8192,-0.056384
50,27,76,2024-08-18,2024-11-01,62.0,0.8218,-3.2239,-0.064478
50,28,77,2024-08-20,2024-11-03,62.0,0.8334,-3.1417,-0.062834
50,29,78,2024-08-20,2024-11-07,62.0,0.824,-3.2853,-0.065706
50,30,79,2024-08-21,2024-11-08,62.0,0.8299,-3.0644,-0.061288
50,31,80,2024-08-21,2024-11-09,62.0,0.8433,-2.6611,-0.053222
50,32,81,2024-08-25,2024-11-11,62.0,0.8498,-2.6806,-0.053612
50,33,82,2024-08-26,2024-11-13,60.0,0.8011,-4.1362,-0.082724
50,34,83,2024-08-28,2024-11-15,60.0,0.7938,-4.241,-0.08482
50,35,84,2024-08-28,2024-11-15,58.0,0.7362,-6.008,-0.12016
50,36,85,2024-08-30,2024-11-17,58.0,0.7484,-5.4453,-0.108906
50,37,86,2024-09-02,2024-11-19,58.0,0.7311,-5.6829,-0.113658
50,38,87,2024-09-03,2024-11-19,58.0,0.7264,-5.6537,-0.113074
50,39,88,2024-09-03,2024-11-20,58.0,0.7076,-5.9171,-0.118342
50,40,89,2024-09-05,2024-11-21,58.0,0.7026,-5.954,-0.11908
50,41,90,2024-09-06,2024-11-23,58.0,0.6824,-6.1976,-0.123952
50,42,91,2024-09-06,2024-11-25,58.0,0.666,-6.4467,-0.128934
50,43,92,2024-09-08,2024-11-26,60.0,0.7302,-4.7678,-0.095356
50,44,93,2024-09-09,2024-12-01,60.0,0.7387,-4.8435,-0.09687
50,45,94,2024-09-09,2024-12-02,62.0,0.8304,-2.5953,-0.051906
50,46,95,2024-09-09,2024-12-02,62.0,0.833,-2.4083,-0.048166
50,47,96,2024-09-11,2024-12-04,60.0,0.7666,-4.0339,-0.080678
50,48,97,2024-09-11,2024-12-04,60.0,0.7404,-4.4883,-0.089766
50,49,98,2024-09-12,2024-12-09,60.0,0.7288,-4.6572,-0.093144
50,50,99,2024-09-13,2024-12-14,60.0,0.736,-4.3247,-0.086494
50,51,100,2024-09-13,2024-12-16,62.0,0.8699,-1.364,-0.02728
50,52,101,2024-09-16,2024-12-16,60.0,0.8021,-2.8733,-0.057466
50,53,102,2024-09-17,2024-12-22,58.0,0.7265,-4.6792,-0.093584
50,54,103,2024-09-20,2024-12-26,60.0,0.7868,-3.2512,-0.065024
50,55,104,2024-09-25,2024-12-30,62.0,0.8491,-1.8935,-0.03787
50,56,105,2024-09-26,2024-12-31,62.0,0.8339,-2.1323,-0.042646
50,57,106,2024-09-28,2025-01-01,62.0,0.8383,-2.2101,-0.044202
50,58,107,2024-10-01,2025-01-02,62.0,0.8329,-2.2462,-0.044924
50,59,108,2024-10-04,2025-01-05,64.0,0.924,-0.3816,-0.007632
50,60,109,2024-10-06,2025-01-07,64.0,0.9301,-0.3378,-0.006756
50,61,110,2024-10-07,2025-01-09,66.0,1.0291,1.5649,0.031298
50,62,111,2024-10-08,2025-01-09,68.0,1.112,3.0049,0.060098
50,63,112,2024-10-08,2025-01-10,68.0,1.0666,2.072,0.04144
50,64,113,2024-10-08,2025-01-13,68.0,1.0843,2.3119,0.046238
50,65,114,2024-10-09,2025-01-13,68.0,1.0977,2.4909,0.049818
50,66,115,2024-10-10,2025-01-15,70.0,1.2234,4.2521,0.085042
50,67,116,2024-10-13,2025-01-15,70.0,1.2263,4.2214,0.084428
50,68,117,2024-10-14,2025-01-18,70.0,1.218,4.3101,0.086202
50,69,118,2024-10-20,2025-01-20,72.0,1.337,5.8576,0.117152
50,70,119,2024-10-22,2025-01-23,74.0,1.509,7.8603,0.157206
50,71,120,2024-10-23,2025-01-23,74.0,1.4953,7.5031,0.150062
50,72,121,2024-10-25,2025-01-24,76.0,1.6544,9.1218,0.182436
50,73,122,2024-10-29,2025-01-26,74.0,1.4695,7.4811,0.149622
50,74,123,2024-10-30,2025-01-27,72.0,1.326,6.0066,0.120132
50,75,124,2024-10-30,2025-01-27,74.0,1.4459,7.5377,0.150754
50,76,125,2024-11-01,2025-01-27,72.0,1.2471,4.7953,0.095906
50,77,126,2024-11-03,2025-01-31,70.0,1.1233,3.0013,0.060026
50,78,127,2024-11-07,2025-02-01,72.0,1.2605,5.1498,0.102996
50,79,128,2024-11-08,2025-02-01,70.0,1.1594,3.7318,0.074636
50,80,129,2024-11-09,2025-02-06,70.0,1.1454,3.4309,0.068618
50,81,130,2024-11-11,2025-02-06,68.0,1.0476,1.766,0.03532
50,82,131,2024-11-13,2025-02-07,68.0,1.0444,1.7583,0.035166
50,83,132,2024-11-14,2025-02-09,68.0,1.0427,1.7735,0.03547
50,84,133,2024-11-15,2025-02-09,68.0,1.0456,1.8232,0.036464
50,85,134,2024-11-17,2025-02-11,70.0,1.1114,3.1263,0.062526
50,86,135,2024-11-18,2025-02-12,70.0,1.089,2.5834,0.051668
50,87,136,2024-11-19,2025-02-16,70.0,1.1277,3.2786,0.065572
50,88,137,2024-11-20,2025-02-17,70.0,1.1372,3.3981,0.067962
50,89,138,2024-11-21,2025-02-18,70.0,1.1732,3.9741,0.079482
50,90,139,2024-11-23,2025-02-19,68.0,1.0928,2.7015,0.05403
50,91,140,2024-11-25,2025-02-19,68.0,1.0847,2.5035,0.05007
50,92,141,2024-11-26,2025-02-20,68.0,1.2552,5.6249,0.112498
50,93,142,2024-12-01,2025-02-24,68.0,1.2744,5.8027,0.116054
50,94,143,2024-12-02,2025-03-02,68.0,1.2563,5.8262,0.116524
50,95,144,2024-12-02,2025-03-06,68.0,1.2335,5.2481,0.104962
50,96,145,2024-12-03,2025-03-09,66.0,1.1183,3.3772,0.067544
50,97,146,2024-12-04,2025-03-13,68.0,1.2023,4.8082,0.096164
50,98,147,2024-12-09,2025-03-16,68.0,1.3406,7.0862,0.141724
50,99,148,2024-12-13,2025-03-17,68.0,1.3911,7.7877,0.155754
50,100,149,2024-12-16,2025-03-17,68.0,1.3731,7.3035,0.14607
50,101,150,2024-12-16,2025-03-18,68.0,1.3123,5.9761,0.119522
50,102,151,2024-12-22,2025-03-26,70.0,1.4982,8.3234,0.166468
50,103,152,2024-12-26,2025-03-28,70.0,1.4617,8.3404,0.166808
50,104,153,2024-12-30,2025-03-28,70.0,1.4808,8.4773,0.169546
50,105,154,2024-12-31,2025-03-30,70.0,1.481,8.3944,0.167888
50,106,155,2025-01-01,2025-03-31,70.0,1.5209,8.8143,0.176286
50,107,156,2025-01-02,2025-04-04,70.0,1.4855,8.8914,0.177828
50,108,157,2025-01-04,2025-04-04,70.0,1.5053,9.0133,0.180266
50,109,158,2025-01-07,2025-04-04,70.0,1.5412,9.2187,0.184374
50,110,159,2025-01-09,2025-04-05,72.0,1.7722,11.8346,0.236692
50,111,160,2025-01-09,2025-04-06,72.0,1.7469,11.284,0.22568
50,112,161,2025-01-10,2025-04-16,72.0,1.7557,11.2754,0.225508
50,113,162,2025-01-13,2025-04-20,72.0,1.8112,11.5922,0.231844
50,114,163,2025-01-13,2025-04-20,72.0,1.8191,11.1814,0.223628
50,115,164,2025-01-15,2025-04-22,72.0,1.8066,10.8052,0.216104
50,116,165,2025-01-15,2025-04-23,70.0,1.5782,9.0352,0.180704
50,117,166,2025-01-18,2025-04-25,70.0,1.5879,9.0037,0.180074
50,118,167,2025-01-20,2025-04-28,72.0,1.7412,10.4859,0.209718
50,119,168,2025-01-23,2025-04-28,72.0,1.7935,10.8805,0.21761
50,120,169,2025-01-23,2025-04-30,72.0,1.8129,10.8224,0.216448
50,121,170,2025-01-23,2025-05-01,70.0,1.5968,9.3603,0.187206
50,122,171,2025-01-26,2025-05-02,70.0,1.7083,10.43,0.2086
50,123,172,2025-01-27,2025-05-04,72.0,1.9115,12.3181,0.246362
50,124,173,2025-01-27,2025-05-05,74.0,2.1664,14.4177,0.288354
50,125,174,2025-01-27,2025-05-05,74.0,2.24,14.8461,0.296922
50,126,175,2025-01-31,2025-05-05,76.0,2.5274,16.8215,0.33643
50,127,176,2025-02-01,2025-05-06,78.0,2.8186,18.5462,0.370924
50,128,177,2025-02-01,2025-05-07,76.0,2.3446,16.4319,0.328638
50,129,178,2025-02-05,2025-05-08,78.0,2.6237,18.3997,0.367994
50,130,179,2025-02-06,2025-05-08,78.0,2.6496,18.4823,0.369646
50,131,180,2025-02-07,2025-05-11,80.0,2.8847,19.9009,0.398018
50,132,181,2025-02-09,2025-05-13,82.0,3.156,21.3838,0.427676
50,133,182,2025-02-09,2025-05-14,84.0,3.497,23.0966,0.461932
50,134,183,2025-02-11,2025-05-19,82.0,2.8552,21.6132,0.432264
50,135,184,2025-02-12,2025-05-21,82.0,2.9547,22.1611,0.443222
50,136,185,2025-02-15,2025-05-21,82.0,2.9809,22.0573,0.441146
50,137,186,2025-02-17,2025-05-25,82.0,2.9586,21.1291,0.422582
50,138,187,2025-02-18,2025-05-25,82.0,3.0731,21.5054,0.430108
50,139,188,2025-02-19,2025-05-26,80.0,2.5255,19.2896,0.385792
50,140,189,2025-02-19,2025-05-28,82.0,2.7496,20.9176,0.418352
50,141,190,2025-02-20,2025-05-28,82.0,2.8267,21.2592,0.425184
50,142,191,2025-02-24,2025-05-29,82.0,2.7736,18.78,0.3756
50,143,192,2025-03-02,2025-05-29,82.0,2.804,18.5115,0.37023
50,144,193,2025-03-06,2025-05-31,82.0,2.5656,18.5738,0.371476
50,145,194,2025-03-09,2025-06-01,82.0,2.7311,19.5773,0.391546
50,146,195,2025-03-13,2025-06-01,82.0,2.4052,19.2646,0.385292
50,147,196,2025-03-16,2025-06-02,82.0,2.5546,20.3152,0.406304
50,148,197,2025-03-17,2025-06-03,80.0,2.1318,16.6923,0.333846
50,149,198,2025-03-17,2025-06-05,78.0,1.8736,14.6874,0.293748
50,150,199,2025-03-18,2025-06-05,76.0,1.6942,13.2492,0.264984
50,151,200,2025-03-26,2025-06-05,76.0,1.7003,13.1009,0.262018
50,152,201,2025-03-28,2025-06-08,74.0,1.4956,10.5167,0.210334
50,153,202,2025-03-28,2025-06-08,76.0,1.603,12.1639,0.243278
50,154,203,2025-03-30,2025-06-08,74.0,1.466,10.5266,0.210532
50,155,204,2025-03-31,2025-06-09,72.0,1.357,9.1122,0.182244
50,156,205,2025-04-04,2025-06-11,72.0,1.3677,9.0834,0.181668
50,157,206,2025-04-04,2025-06-12,74.0,1.4637,10.8346,0.216692
50,158,207,2025-04-04,2025-06-15,74.0,1.4918,11.089,0.22178
50,159,208,2025-04-05,2025-06-21,74.0,1.4795,10.5003,0.210006
50,160,209,2025-04-06,2025-06-22,72.0,1.3286,7.8953,0.157906
50,161,210,2025-04-16,2025-06-23,70.0,1.2487,6.6996,0.133992
50,162,211,2025-04-20,2025-06-25,70.0,1.2805,7.2708,0.145416
50,163,212,2025-04-20,2025-06-26,70.0,1.3032,7.4419,0.148838
50,164,213,2025-04-22,2025-06-30,70.0,1.3621,8.2878,0.165756
50,165,214,2025-04-23,2025-07-01,70.0,1.3699,8.3344,0.166688
50,166,215,2025-04-25,2025-07-02,70.0,1.3369,8.2653,0.165306
50,167,216,2025-04-28,2025-07-03,68.0,1.2439,6.7515,0.13503
50,168,217,2025-04-28,2025-07-04,66.0,1.1655,5.2624,0.105248
50,169,218,2025-04-29,2025-07-06,66.0,1.1902,5.6802,0.113604
50,170,219,2025-05-01,2025-07-07,64.0,1.1072,3.9249,0.078498
50,171,220,2025-05-02,2025-07-07,64.0,1.0926,3.7537,0.075074
50,172,221,2025-05-04,2025-07-12,64.0,1.0562,2.6207,0.052414
50,173,222,2025-05-05,2025-07-20,62.0,0.972,0.3925,0.00785
50,174,223,2025-05-05,2025-07-22,62.0,0.9543,-0.0729,-0.001458
50,175,224,2025-05-05,2025-07-25,60.0,0.8873,-2.0182,-0.040364
50,176,225,2025-05-06,2025-07-25,60.0,0.8663,-2.5089,-0.050178
50,177,226,2025-05-06,2025-07-26,60.0,0.8674,-2.3571,-0.047142
50,178,227,2025-05-08,2025-07-27,62.0,1.0959,4.4883,0.089766
50,179,228,2025-05-08,2025-07-30,62.0,1.0825,4.0966,0.081932
50,180,229,2025-05-11,2025-07-30,60.0,1.0167,2.681,0.05362
50,181,230,2025-05-13,2025-07-31,60.0,1.0283,2.9511,0.059022
50,182,231,2025-05-14,2025-08-06,60.0,1.0527,3.5063,0.070126
50,183,232,2025-05-19,2025-08-07,60.0,1.0441,3.279,0.06558
50,184,233,2025-05-21,2025-08-10,62.0,1.1315,5.0937,0.101874
50,185,234,2025-05-21,2025-08-11,62.0,1.1349,5.06,0.1012
50,186,235,2025-05-25,2025-08-19,60.0,1.0625,3.6852,0.073704
50,187,236,2025-05-25,2025-08-20,58.0,1.001,2.3445,0.04689
50,188,237,2025-05-26,2025-08-20,58.0,0.9873,2.0167,0.040334
50,189,238,2025-05-28,2025-08-21,58.0,0.9912,2.0906,0.041812
50,190,239,2025-05-28,2025-08-26,58.0,1.0331,3.1187,0.062374
50,191,240,2025-05-29,2025-08-27,58.0,1.0415,3.283,0.06566
50,192,241,2025-05-29,2025-08-31,56.0,0.9477,1.1462,0.022924
50,193,242,2025-05-31,2025-08-31,56.0,0.9467,1.1535,0.02307
50,194,243,2025-06-01,2025-09-01,56.0,0.9394,0.9003,0.018006
50,195,244,2025-06-01,2025-09-01,56.0,0.9122,0.3108,0.006216
50,196,245,2025-06-01,2025-09-02,56.0,0.9275,0.5703,0.011406
50,197,246,2025-06-02,2025-09-04,56.0,0.8858,-0.3729,-0.007458
50,198,247,2025-06-05,2025-09-05,58.0,0.9766,1.7809,0.035618
50,199,248,2025-06-05,2025-09-07,58.0,0.9765,1.7493,0.034986
50,200,249,2025-06-05,2025-09-08,58.0,0.9797,1.797,0.03594
50,201,250,2025-06-08,2025-09-10,58.0,1.0075,2.5112,0.050224
50,202,251,2025-06-08,2025-09-10,60.0,1.1031,4.6888,0.093776
50,203,252,2025-06-08,2025-09-10,60.0,1.1043,4.6483,0.092966
50,204,253,2025-06-09,2025-09-12,62.0,1.1797,6.1927,0.123854
50,205,254,2025-06-10,2025-09-12,62.0,1.1752,6.3328,0.126656
50,206,255,2025-06-12,2025-09-14,62.0,1.2876,8.5744,0.171488
50,207,256,2025-06-15,2025-09-17,62.0,1.2893,8.4284,0.168568
50,208,257,2025-06-21,2025-09-20,60.0,1.1466,5.7355,0.11471
50,209,258,2025-06-22,2025-09-21,60.0,1.1923,6.652,0.13304
50,210,259,2025-06-23,2025-09-22,62.0,1.268,8.1467,0.162934
50,211,260,2025-06-25,2025-09-23,64.0,1.3677,9.9992,0.199984
50,212,261,2025-06-25,2025-09-23,64.0,1.4006,10.3078,0.206156
50,213,262,2025-06-30,2025-09-24,64.0,1.3876,9.7154,0.194308
50,214,263,2025-07-01,2025-09-26,62.0,1.2312,6.964,0.13928
50,215,264,2025-07-02,2025-10-04,60.0,1.1494,5.5759,0.111518
50,216,265,2025-07-03,2025-10-04,62.0,1.2384,7.3144,0.146288
50,217,266,2025-07-04,2025-10-06,62.0,1.2147,7.199,0.14398
50,218,267,2025-07-06,2025-10-09,64.0,1.3009,8.9279,0.178558
50,219,268,2025-07-07,2025-10-09,62.0,1.1853,6.6301,0.132602
50,220,269,2025-07-07,2025-10-09,64.0,1.283,8.6636,0.173272
50,221,270,2025-07-11,2025-10-10,66.0,1.4097,11.0924,0.221848
50,222,271,2025-07-20,2025-10-12,66.0,1.4268,11.2251,0.224502
50,223,272,2025-07-22,2025-10-13,68.0,1.598,14.1035,0.28207
50,224,273,2025-07-25,2025-10-16,68.0,1.5949,13.8191,0.276382
50,225,274,2025-07-25,2025-10-18,70.0,1.7001,15.429,0.30858
50,226,275,2025-07-25,2025-10-20,70.0,1.7021,15.2643,0.305286
50,227,276,2025-07-27,2025-10-21,70.0,1.7193,15.1445,0.30289
50,228,277,2025-07-30,2025-10-22,70.0,1.6217,10.8328,0.216656
50,229,278,2025-07-30,2025-10-22,68.0,1.4581,9.1404,0.182808
50,230,279,2025-07-31,2025-10-22,70.0,1.5596,10.5455,0.21091
50,231,280,2025-08-06,2025-10-26,70.0,1.6136,11.027,0.22054
50,232,281,2025-08-07,2025-10-27,70.0,1.6415,11.0163,0.220326
50,233,282,2025-08-10,2025-10-27,70.0,1.7011,11.5841,0.231682
50,234,283,2025-08-11,2025-10-28,70.0,1.7255,11.6007,0.232014
50,235,284,2025-08-19,2025-10-28,70.0,1.7269,11.32,0.2264
50,236,285,2025-08-20,2025-10-29,72.0,1.8887,12.9516,0.259032
50,237,286,2025-08-20,2025-10-30,74.0,2.112,15.0145,0.30029
50,238,287,2025-08-21,2025-10-31,72.0,1.8517,13.2944,0.265888
50,239,288,2025-08-26,2025-11-02,72.0,1.7488,13.1716,0.263432
50,240,289,2025-08-27,2025-11-08,72.0,1.7008,11.8716,0.237432
50,241,290,2025-08-31,2025-11-09,72.0,1.7535,12.1464,0.242928
50,242,291,2025-08-31,2025-11-10,72.0,1.7046,12.3674,0.247348
50,243,292,2025-09-01,2025-11-13,72.0,1.7169,12.287,0.24574
50,244,293,2025-09-01,2025-11-13,72.0,1.6727,12.5397,0.250794
50,245,294,2025-09-02,2025-11-16,72.0,1.6818,12.3032,0.246064
50,246,295,2025-09-04,2025-11-17,74.0,1.7949,13.702,0.27404
50,247,296,2025-09-05,2025-11-17,74.0,1.8026,13.5694,0.271388
50,248,297,2025-09-07,2025-11-24,72.0,1.6049,11.4582,0.229164
50,249,298,2025-09-08,2025-11-28,74.0,1.7973,13.9627,0.279254
50,250,299,2025-09-09,2025-11-28,76.0,1.9201,15.4206,0.308412
50,251,300,2025-09-10,2025-11-29,76.0,1.9009,14.66,0.2932
50,252,301,2025-09-10,2025-12-01,74.0,1.6985,12.7432,0.254864
50,253,302,2025-09-12,2025-12-03,74.0,1.7438,13.0679,0.261358
50,254,303,2025-09-12,2025-12-03,74.0,1.7646,13.1333,0.262666
50,255,304,2025-09-14,2025-12-04,76.0,1.9026,14.7299,0.294598
50,256,305,2025-09-17,2025-12-07,74.0,1.5998,10.6591,0.213182
50,257,306,2025-09-20,2025-12-11,72.0,1.4566,9.0832,0.181664
50,258,307,2025-09-21,2025-12-15,74.0,1.6147,11.4762,0.229524
50,259,308,2025-09-22,2025-12-17,74.0,1.5901,10.6103,0.212206
50,260,309,2025-09-23,2025-12-17,72.0,1.4535,9.1473,0.182946
50,261,310,2025-09-23,2025-12-18,72.0,1.4787,9.2549,0.185098
50,262,311,2025-09-24,2025-12-21,72.0,1.5322,9.6297,0.192594
50,263,312,2025-09-26,2025-12-26,72.0,1.5344,9.4629,0.189258
50,264,313,2025-10-04,2025-12-26,74.0,1.687,11.3188,0.226376
50,265,314,2025-10-04,2025-12-28,76.0,1.8325,12.9318,0.258636
50,266,315,2025-10-06,2025-12-29,74.0,1.6436,11.3148,0.226296
50,267,316,2025-10-09,2025-12-29,76.0,1.7924,13.097,0.26194
50,268,317,2025-10-09,2025-12-30,76.0,1.8353,13.3081,0.266162
50,269,318,2025-10-09,2025-12-31,76.0,1.7534,13.3157,0.266314
50,270,319,2025-10-10,2026-01-02,76.0,1.7822,13.2721,0.265442
50,271,320,2025-10-12,2026-01-06,76.0,1.7895,12.848,0.25696
50,272,321,2025-10-13,2026-01-08,76.0,1.8345,13.091,0.26182
50,273,322,2025-10-15,2026-01-09,76.0,1.9075,13.2023,0.264046
50,274,323,2025-10-18,2026-01-10,74.0,1.674,11.6254,0.232508
50,275,324,2025-10-20,2026-01-11,74.0,1.7471,12.3281,0.246562
50,276,325,2025-10-21,2026-01-12,74.0,1.8317,13.2066,0.264132
50,277,326,2025-10-22,2026-01-13,74.0,1.8403,13.0184,0.260368
50,278,327,2025-10-22,2026-01-15,72.0,1.5987,10.4606,0.209212
50,279,328,2025-10-22,2026-01-17,72.0,1.535,10.3775,0.20755
50,280,329,2025-10-26,2026-01-20,72.0,1.5647,10.6985,0.21397
50,281,330,2025-10-27,2026-01-23,72.0,1.5689,10.3239,0.206478
50,282,331,2025-10-27,2026-01-27,72.0,1.5847,10.1855,0.20371
50,283,332,2025-10-28,2026-01-27,70.0,1.4031,8.0254,0.160508
50,284,333,2025-10-28,2026-01-28,70.0,1.4869,9.0548,0.181096
50,285,334,2025-10-29,2026-01-29,70.0,1.4956,9.0238,0.180476
50,286,335,2025-10-30,2026-02-03,70.0,1.5619,9.7102,0.194204
50,287,336,2025-10-31,2026-02-03,70.0,1.5676,9.4309,0.188618
50,288,337,2025-11-02,2026-02-06,72.0,1.6964,10.846,0.21692
50,289,338,2025-11-07,2026-02-07,74.0,1.8717,12.6086,0.252172
50,290,339,2025-11-09,2026-02-08,74.0,1.8839,12.6005,0.25201
50,291,340,2025-11-10,2026-02-09,74.0,1.8868,12.1395,0.24279
50,292,341,2025-11-13,2026-02-09,76.0,2.0924,13.9042,0.278084
50,293,342,2025-11-13,2026-02-14,76.0,2.0882,13.6501,0.273002
50,294,343,2025-11-16,2026-02-16,78.0,2.3185,15.3852,0.307704
50,295,344,2025-11-17,2026-02-19,78.0,2.4811,16.3549,0.327098
50,296,345,2025-11-17,2026-02-20,78.0,2.5496,16.6911,0.333822
50,297,346,2025-11-24,2026-02-25,76.0,2.1885,15.2617,0.305234
50,298,347,2025-11-28,2026-02-25,78.0,2.3911,16.8035,0.33607
50,299,348,2025-11-28,2026-03-06,78.0,2.3817,15.9864,0.319728
50,300,349,2025-11-29,2026-03-09,78.0,2.5132,16.7784,0.335568
50,301,350,2025-12-01,2026-03-09,78.0,2.6189,17.3738,0.347476
50,302,351,2025-12-03,2026-03-09,80.0,2.9902,19.5947,0.391894
50,303,352,2025-12-03,2026-03-10,80.0,3.0812,19.6095,0.39219
50,304,353,2025-12-04,2026-03-10,80.0,3.106,19.4635,0.38927
50,305,354,2025-12-07,2026-03-11,80.0,3.1297,19.2854,0.385708
50,306,355,2025-12-11,2026-03-11,82.0,3.4953,20.8665,0.41733
50,307,356,2025-12-14,2026-03-12,84.0,3.8955,22.4187,0.448374
50,308,357,2025-12-17,2026-03-12,84.0,3.988,22.505,0.4501
50,309,358,2025-12-17,2026-03-15,82.0,3.113,20.8616,0.417232
50,310,359,2025-12-18,2026-03-18,84.0,3.4504,22.5786,0.451572
50,311,360,2025-12-21,2026-03-18,82.0,2.8316,20.6122,0.412244
50,312,361,2025-12-26,2026-03-20,82.0,2.8103,19.5275,0.39055
50,313,362,2025-12-26,2026-03-22,82.0,2.8359,19.4605,0.38921
50,314,363,2025-12-27,2026-03-22,82.0,2.8582,19.1539,0.383078
50,315,364,2025-12-29,2026-03-28,80.0,2.3978,17.4623,0.349246
50,316,365,2025-12-29,2026-03-29,82.0,2.7336,19.9478,0.398956
50,317,366,2025-12-29,2026-04-01,80.0,2.348,18.3263,0.366526
50,318,367,2025-12-31,2026-04-05,78.0,2.0279,16.3124,0.326248
50,319,368,2026-01-02,2026-04-05,80.0,2.181,17.8829,0.357658
50,320,369,2026-01-06,2026-04-06,78.0,1.9305,15.9971,0.319942
50,321,370,2026-01-08,2026-04-06,76.0,1.7315,14.1999,0.283998
50,322,371,2026-01-08,2026-04-07,74.0,1.5527,12.1212,0.242424
50,323,372,2026-01-10,2026-04-09,74.0,1.5273,11.0452,0.220904
50,324,373,2026-01-11,2026-04-11,74.0,1.4939,11.2342,0.224684
50,325,374,2026-01-12,2026-04-16,74.0,1.4979,10.8321,0.216642
50,326,375,2026-01-12,2026-04-21,74.0,1.5057,10.522,0.21044
50,327,376,2026-01-15,2026-04-22,72.0,1.3879,9.0087,0.180174
50,328,377,2026-01-17,2026-04-22,74.0,1.5444,11.6318,0.232636
50,329,378,2026-01-20,2026-04-23,76.0,1.6915,13.861,0.27722
50,330,379,2026-01-23,2026-04-26,74.0,1.5176,11.9176,0.238352
50,331,380,2026-01-27,2026-04-26,74.0,1.5856,12.7036,0.254072
50,332,381,2026-01-27,2026-04-27,72.0,1.4534,10.85,0.217
50,333,382,2026-01-27,2026-05-03,74.0,1.5928,13.2477,0.264954
50,334,383,2026-01-29,2026-05-07,74.0,1.6072,12.6949,0.253898
50,335,384,2026-02-03,2026-05-08,72.0,1.4714,11.0956,0.221912
50,336,385,2026-02-03,2026-05-15,72.0,1.4642,10.4757,0.209514
50,337,386,2026-02-06,2026-05-16,70.0,1.3391,8.5805,0.17161
50,338,387,2026-02-07,2026-05-16,68.0,1.2337,6.8659,0.137318
50,339,388,2026-02-08,2026-05-20,68.0,1.2448,6.9722,0.139444
50,340,389,2026-02-08,2026-05-21,68.0,1.307,8.1825,0.16365
50,341,390,2026-02-09,2026-05-22,68.0,1.3366,8.5573,0.171146
50,342,391,2026-02-14,2026-05-23,68.0,1.3538,8.6553,0.173106
50,343,392,2026-02-16,2026-05-25,68.0,1.3758,8.9794,0.179588
50,344,393,2026-02-19,2026-05-26,66.0,1.2665,7.1957,0.143914
50,345,394,2026-02-20,2026-05-27,66.0,1.2421,6.3265,0.12653
50,346,395,2026-02-25,2026-05-28,66.0,1.2528,6.3831,0.127662
50,347,396,2026-02-25,2026-06-01,66.0,1.2368,6.3974,0.127948
50,348,397,2026-03-06,2026-06-02,66.0,1.2495,6.5381,0.130762
50,349,398,2026-03-09,2026-06-10,66.0,1.2491,6.4036,0.128072
50,350,399,2026-03-09,2026-06-11,66.0,1.2219,5.6286,0.112572
50,351,400,2026-03-09,2026-06-21,66.0,1.2526,6.0022,0.120044
50,352,401,2026-03-10,2026-06-21,66.0,1.2783,6.1879,0.123758
50,353,402,2026-03-10,2026-06-24,64.0,1.1543,4.1894,0.083788
50,354,403,2026-03-11,2026-06-24,64.0,1.1686,4.3994,0.087988
50,355,404,2026-03-11,2026-06-28,64.0,1.1929,4.7741,0.095482
50,356,405,2026-03-12,2026-06-29,64.0,1.2279,5.2972,0.105944
50,357,406,2026-03-12,2026-07-01,64.0,1.2367,5.3463,0.106926
50,358,407,2026-03-15,2026-07-02,64.0,1.2416,5.3127,0.106254
50,359,408,2026-03-18,2026-07-04,66.0,1.3655,7.0664,0.141328
50,360,409,2026-03-18,2026-07-05,64.0,1.2328,5.3059,0.106118
50,361,410,2026-03-20,2026-07-06,66.0,1.379,7.486,0.14972
50,362,411,2026-03-21,2026-07-06,66.0,1.4,7.6709,0.153418
50,363,412,2026-03-22,2026-07-09,66.0,1.4424,8.1645,0.16329
50,364,413,2026-03-28,2026-07-12,66.0,1.4892,8.6523,0.173046
50,365,414,2026-03-29,2026-07-13,68.0,1.6384,10.385,0.2077
50,366,415,2026-04-01,2026-07-15,68.0,1.6465,9.9537,0.199074
50,367,416,2026-04-05,2026-07-15,70.0,1.8489,11.9622,0.239244
50,368,417,2026-04-05,2026-07-16,70.0,1.7655,11.9916,0.239832
50,369,418,2026-04-05,2026-07-17,70.0,1.7775,11.9373,0.238746
50,370,419,2026-04-06,2026-07-19,72.0,1.9994,14.1265,0.28253
50,371,420,2026-04-07,2026-07-20,74.0,2.1936,15.809,0.31618
50,372,421,2026-04-09,2026-07-20,74.0,2.0706,15.9333,0.318666
50,373,422,2026-04-11,2026-07-20,74.0,2.1306,16.2372,0.324744
50,374,423,2026-04-16,2026-07-20,74.0,1.9941,16.1995,0.32399
50,375,424,2026-04-21,2026-07-22,72.0,1.7622,14.2405,0.28481
50,376,425,2026-04-22,2026-07-22,72.0,1.7791,14.0694,0.281388
50,377,426,2026-04-22,2026-07-27,74.0,1.9473,16.0937,0.321874
50,378,427,2026-04-23,2026-07-28,72.0,1.699,13.3974,0.267948
50,379,428,2026-04-26,2026-07-29,70.0,1.5316,11.3347,0.226694
50,380,429,2026-04-26,2026-07-30,70.0,1.4973,11.5383,0.230766
50,381,430,2026-04-27,2026-07-31,70.0,1.487,10.7479,0.214958
50,382,431,2026-05-03,2026-08-01,70.0,1.45,10.7548,0.215096
50,383,432,2026-05-07,2026-08-02,68.0,1.3177,8.4103,0.168206
50,384,433,2026-05-08,2026-08-05,68.0,1.3329,8.3521,0.167042
50,385,434,2026-05-15,2026-08-05,70.0,1.4448,10.3819,0.207638
50,386,435,2026-05-15,2026-08-07,68.0,1.3214,8.4846,0.169692
50,387,436,2026-05-16,2026-08-09,70.0,1.6385,14.3924,0.287848
50,388,437,2026-05-20,2026-08-10,70.0,1.5964,14.6633,0.293266
50,389,438,2026-05-21,2026-08-14,70.0,1.6181,14.707,0.29414
50,390,439,2026-05-22,2026-08-14,70.0,1.6271,14.1253,0.282506
50,391,440,2026-05-23,2026-08-20,68.0,1.4803,11.9876,0.239752
50,392,441,2026-05-25,2026-08-21,66.0,1.3581,10.0123,0.200246
50,393,442,2026-05-26,2026-08-22,64.0,1.2707,8.4346,0.168692
50,394,443,2026-05-27,2026-08-24,66.0,1.3614,10.415,0.2083
50,395,444,2026-05-28,2026-08-24,66.0,1.365,10.2422,0.204844
100,0,99,2024-06-20,2024-12-14,64.0,0.8911,-2.4839,-0.024839
100,1,100,2024-06-21,2024-12-16,65.0,0.9644,0.5833,0.005833
100,2,101,2024-06-21,2024-12-16,64.0,0.9296,-0.8604,-0.008604
100,3,102,2024-06-22,2024-12-22,63.0,0.8857,-2.7578,-0.027578
100,4,103,2024-06-30,2024-12-26,64.0,0.9305,-0.9198,-0.009198
100,5,104,2024-06-30,2024-12-30,65.0,0.9643,0.4539,0.004539
100,6,105,2024-07-03,2024-12-31,65.0,0.9552,0.1141,0.001141
100,7,106,2024-07-07,2025-01-01,64.0,0.9115,-1.7502,-0.017502
100,8,107,2024-07-07,2025-01-02,65.0,0.9498,-0.1663,-0.001663
100,9,108,2024-07-09,2025-01-05,65.0,0.9534,0.0521,0.000521
100,10,109,2024-07-10,2025-01-07,64.0,0.9092,-1.8133,-0.018133
100,11,110,2024-07-11,2025-01-09,64.0,0.9066,-1.7932,-0.017932
100,12,111,2024-07-19,2025-01-09,65.0,0.9403,-0.4621,-0.004621
100,13,112,2024-07-20,2025-01-10,65.0,0.9267,-0.8961,-0.008961
100,14,113,2024-07-21,2025-01-13,65.0,0.9361,-0.4082,-0.004082
100,15,114,2024-07-21,2025-01-13,65.0,0.9291,-0.5729,-0.005729
100,16,115,2024-07-23,2025-01-15,66.0,0.9813,1.2341,0.012341
100,17,116,2024-07-24,2025-01-15,67.0,1.0277,2.7716,0.027716
100,18,117,2024-07-25,2025-01-18,66.0,0.9818,1.2278,0.012278
100,19,118,2024-07-27,2025-01-20,67.0,1.0252,2.7171,0.027171
100,20,119,2024-07-29,2025-01-23,68.0,1.0771,4.4479,0.044479
100,21,120,2024-08-04,2025-01-23,68.0,1.0636,3.9125,0.039125
100,22,121,2024-08-09,2025-01-24,69.0,1.1152,5.5341,0.055341
100,23,122,2024-08-14,2025-01-26,69.0,1.1101,5.5813,0.055813
100,24,123,2024-08-16,2025-01-27,68.0,1.0633,4.114,0.04114
100,25,124,2024-08-17,2025-01-27,68.0,1.0595,3.9226,0.039226
100,26,125,2024-08-18,2025-01-27,67.0,1.0044,1.9761,0.019761
100,27,126,2024-08-18,2025-01-31,66.0,0.9468,-0.2226,-0.002226
100,28,127,2024-08-20,2025-02-01,67.0,1.0055,2.0081,0.020081
100,29,128,2024-08-20,2025-02-01,66.0,0.9646,0.4465,0.004465
100,30,129,2024-08-21,2025-02-06,66.0,0.9621,0.3665,0.003665
100,31,130,2024-08-21,2025-02-06,65.0,0.9319,-0.8951,-0.008951
100,32,131,2024-08-25,2025-02-07,65.0,0.9347,-0.9222,-0.009222
100,33,132,2024-08-26,2025-02-09,64.0,0.9043,-2.3627,-0.023627
100,34,133,2024-08-28,2025-02-09,64.0,0.9014,-2.4177,-0.024177
100,35,134,2024-08-28,2025-02-11,64.0,0.8885,-2.8817,-0.028817
100,36,135,2024-08-30,2025-02-12,64.0,0.8866,-2.8619,-0.028619
100,37,136,2024-09-02,2025-02-16,64.0,0.8921,-2.4043,-0.024043
100,38,137,2024-09-03,2025-02-17,64.0,0.8931,-2.2556,-0.022556
100,39,138,2024-09-03,2025-02-18,64.0,0.8965,-1.943,-0.01943
100,40,139,2024-09-05,2025-02-19,63.0,0.8668,-3.2526,-0.032526
100,41,140,2024-09-06,2025-02-19,63.0,0.8517,-3.6941,-0.036941
100,42,141,2024-09-06,2025-02-20,63.0,0.9139,-0.8218,-0.008218
100,43,142,2024-09-08,2025-02-24,64.0,0.9669,1.0349,0.010349
100,44,143,2024-09-09,2025-03-02,64.0,0.9672,0.9827,0.009827
100,45,144,2024-09-09,2025-03-06,65.0,1.015,2.6528,0.026528
100,46,145,2024-09-09,2025-03-09,64.0,0.9682,0.9689,0.009689
100,47,146,2024-09-11,2025-03-13,64.0,0.9622,0.7743,0.007743
100,48,147,2024-09-11,2025-03-16,64.0,1.0099,2.5978,0.025978
100,49,148,2024-09-12,2025-03-17,64.0,1.0261,3.1305,0.031305
100,50,149,2024-09-13,2025-03-17,64.0,1.022,2.9788,0.029788
100,51,150,2024-09-13,2025-03-18,65.0,1.0758,4.612,0.04612
100,52,151,2024-09-16,2025-03-26,65.0,1.106,5.4501,0.054501
100,53,152,2024-09-17,2025-03-28,64.0,1.0435,3.6612,0.036612
100,54,153,2024-09-20,2025-03-28,65.0,1.0961,5.2261,0.052261
100,55,154,2024-09-25,2025-03-30,66.0,1.1402,6.5009,0.065009
100,56,155,2024-09-26,2025-03-31,66.0,1.1504,6.682,0.06682
100,57,156,2024-09-28,2025-04-04,66.0,1.1411,6.6813,0.066813
100,58,157,2024-10-01,2025-04-04,66.0,1.1475,6.7671,0.067671
100,59,158,2024-10-04,2025-04-04,67.0,1.2221,8.837,0.08837
100,60,159,2024-10-06,2025-04-05,68.0,1.3253,11.4967,0.114967
100,61,160,2024-10-07,2025-04-06,69.0,1.3778,12.8488,0.128488
100,62,161,2024-10-08,2025-04-16,70.0,1.435,14.2803,0.142803
100,63,162,2024-10-08,2025-04-20,70.0,1.4402,13.6642,0.136642
100,64,163,2024-10-08,2025-04-20,70.0,1.453,13.4933,0.134933
100,65,164,2024-10-09,2025-04-22,70.0,1.4534,13.296,0.13296
100,66,165,2024-10-10,2025-04-23,70.0,1.4174,13.2873,0.132873
100,67,166,2024-10-13,2025-04-25,70.0,1.424,13.2251,0.132251
100,68,167,2024-10-14,2025-04-28,71.0,1.494,14.796,0.14796
100,69,168,2024-10-20,2025-04-28,72.0,1.5862,16.738,0.16738
100,70,169,2024-10-22,2025-04-30,73.0,1.6812,18.6827,0.186827
100,71,170,2024-10-23,2025-05-01,72.0,1.5557,16.8633,0.168633
100,72,171,2024-10-25,2025-05-02,73.0,1.6874,19.5518,0.195518
100,73,172,2024-10-29,2025-05-04,73.0,1.7228,19.7991,0.197991
100,74,173,2024-10-30,2025-05-05,73.0,1.7748,20.4244,0.204244
100,75,174,2024-10-30,2025-05-05,74.0,1.8831,22.3838,0.223838
100,76,175,2024-11-01,2025-05-05,74.0,1.903,21.6167,0.216167
100,77,176,2024-11-03,2025-05-06,74.0,1.9277,21.5475,0.215475
100,78,177,2024-11-07,2025-05-07,74.0,1.8354,21.5817,0.215817
100,79,178,2024-11-08,2025-05-08,74.0,1.8876,22.1314,0.221314
100,80,179,2024-11-09,2025-05-08,74.0,1.8935,21.9132,0.219132
100,81,180,2024-11-11,2025-05-11,74.0,1.9038,21.6668,0.216668
100,82,181,2024-11-13,2025-05-13,75.0,1.9906,23.1421,0.231421
100,83,182,2024-11-14,2025-05-14,76.0,2.0995,24.8701,0.248701
100,84,183,2024-11-15,2025-05-19,75.0,1.9131,23.4364,0.234364
100,85,184,2024-11-17,2025-05-21,76.0,2.0186,25.2874,0.252874
100,86,185,2024-11-18,2025-05-21,76.0,2.0202,24.6407,0.246407
100,87,186,2024-11-19,2025-05-25,76.0,2.0288,24.4077,0.244077
100,88,187,2024-11-20,2025-05-25,76.0,2.09,24.9036,0.249036
100,89,188,2024-11-21,2025-05-26,75.0,1.8983,23.2636,0.232636
100,90,189,2024-11-23,2025-05-28,75.0,1.9324,23.619,0.23619
100,91,190,2024-11-25,2025-05-28,75.0,1.9674,23.7626,0.237626
100,92,191,2024-11-26,2025-05-29,75.0,2.0246,24.4049,0.244049
100,93,192,2024-12-01,2025-05-29,75.0,2.0495,24.3143,0.243143
100,94,193,2024-12-02,2025-05-31,75.0,1.9442,24.3999,0.243999
100,95,194,2024-12-02,2025-06-01,75.0,2.0203,24.8255,0.248255
100,96,195,2024-12-03,2025-06-01,74.0,1.8148,22.6418,0.226418
100,97,196,2024-12-04,2025-06-02,75.0,1.9523,25.1234,0.251234
100,98,197,2024-12-09,2025-06-03,74.0,1.8051,23.7785,0.237785
100,99,198,2024-12-13,2025-06-05,73.0,1.687,22.4751,0.224751
100,100,199,2024-12-16,2025-06-05,72.0,1.577,20.5527,0.205527
100,101,200,2024-12-16,2025-06-05,72.0,1.5587,19.077,0.19077
100,102,201,2024-12-22,2025-06-08,72.0,1.4964,18.8401,0.188401
100,103,202,2024-12-26,2025-06-08,73.0,1.5544,20.5043,0.205043
100,104,203,2024-12-30,2025-06-08,72.0,1.4709,19.0039,0.190039
100,105,204,2024-12-31,2025-06-09,71.0,1.3956,17.5066,0.175066
100,106,205,2025-01-01,2025-06-11,71.0,1.4154,17.8977,0.178977
100,107,206,2025-01-02,2025-06-12,72.0,1.4708,19.726,0.19726
100,108,207,2025-01-04,2025-06-15,72.0,1.4962,20.1022,0.201022
100,109,208,2025-01-07,2025-06-21,72.0,1.4996,19.7189,0.197189
100,110,209,2025-01-09,2025-06-22,72.0,1.4607,19.7299,0.197299
100,111,210,2025-01-09,2025-06-23,71.0,1.3911,17.9836,0.179836
100,112,211,2025-01-10,2025-06-25,71.0,1.4163,18.5462,0.185462
100,113,212,2025-01-13,2025-06-26,71.0,1.4484,19.0341,0.190341
100,114,213,2025-01-13,2025-06-30,71.0,1.4927,19.4692,0.194692
100,115,214,2025-01-15,2025-07-01,71.0,1.4947,19.1396,0.191396
100,116,215,2025-01-15,2025-07-02,70.0,1.4102,17.3005,0.173005
100,117,216,2025-01-18,2025-07-03,69.0,1.3441,15.7552,0.157552
100,118,217,2025-01-20,2025-07-04,69.0,1.3187,15.7484,0.157484
100,119,218,2025-01-23,2025-07-06,69.0,1.3508,16.5606,0.165606
100,120,219,2025-01-23,2025-07-07,68.0,1.2878,14.7473,0.147473
100,121,220,2025-01-23,2025-07-07,67.0,1.2317,13.1139,0.131139
100,122,221,2025-01-26,2025-07-12,67.0,1.2361,13.0508,0.130508
100,123,222,2025-01-27,2025-07-20,67.0,1.2095,12.7105,0.127105
100,124,223,2025-01-27,2025-07-22,68.0,1.2449,14.3448,0.143448
100,125,224,2025-01-27,2025-07-25,67.0,1.2018,12.8279,0.128279
100,126,225,2025-01-31,2025-07-25,68.0,1.2316,14.3126,0.143126
100,127,226,2025-02-01,2025-07-26,69.0,1.2713,16.1892,0.161892
100,128,227,2025-02-01,2025-07-27,69.0,1.3993,20.9201,0.209201
100,129,228,2025-02-05,2025-07-30,70.0,1.4391,22.4962,0.224962
100,130,229,2025-02-06,2025-07-30,69.0,1.3795,21.1632,0.211632
100,131,230,2025-02-07,2025-07-31,70.0,1.4203,22.852,0.22852
100,132,231,2025-02-09,2025-08-06,71.0,1.473,24.8901,0.248901
100,133,232,2025-02-09,2025-08-07,72.0,1.5076,26.3756,0.263756
100,134,233,2025-02-11,2025-08-10,72.0,1.5281,26.7069,0.267069
100,135,234,2025-02-12,2025-08-11,72.0,1.5536,27.2211,0.272211
100,136,235,2025-02-15,2025-08-19,71.0,1.4862,25.7425,0.257425
100,137,236,2025-02-17,2025-08-20,70.0,1.4173,23.4736,0.234736
100,138,237,2025-02-18,2025-08-20,70.0,1.4309,23.5221,0.235221
100,139,238,2025-02-19,2025-08-21,69.0,1.3662,21.3802,0.213802
100,140,239,2025-02-19,2025-08-26,70.0,1.435,24.0362,0.240362
100,141,240,2025-02-20,2025-08-27,70.0,1.4595,24.5422,0.245422
100,142,241,2025-02-24,2025-08-31,69.0,1.3567,19.9261,0.199261
100,143,242,2025-03-02,2025-08-31,69.0,1.3627,19.665,0.19665
100,144,243,2025-03-06,2025-09-01,69.0,1.3271,19.4741,0.194741
100,145,244,2025-03-09,2025-09-01,69.0,1.3459,19.8881,0.198881
100,146,245,2025-03-13,2025-09-02,69.0,1.3198,19.8349,0.198349
100,147,246,2025-03-16,2025-09-04,69.0,1.3288,19.9422,0.199422
100,148,247,2025-03-17,2025-09-05,69.0,1.3269,18.4732,0.184732
100,149,248,2025-03-17,2025-09-07,68.0,1.2696,16.4367,0.164367
100,150,249,2025-03-18,2025-09-08,67.0,1.2285,15.0462,0.150462
100,151,250,2025-03-26,2025-09-10,67.0,1.2487,15.6121,0.156121
100,152,251,2025-03-28,2025-09-10,67.0,1.2535,15.2056,0.152056
100,153,252,2025-03-28,2025-09-10,68.0,1.2904,16.8122,0.168122
100,154,253,2025-03-30,2025-09-12,68.0,1.2951,16.7193,0.167193
100,155,254,2025-03-31,2025-09-12,67.0,1.2514,15.4449,0.154449
100,156,255,2025-04-04,2025-09-14,67.0,1.3212,17.6578,0.176578
100,157,256,2025-04-04,2025-09-17,68.0,1.3607,19.2629,0.192629
100,158,257,2025-04-04,2025-09-20,67.0,1.2804,16.8244,0.168244
100,159,258,2025-04-05,2025-09-21,67.0,1.3037,17.1523,0.171523
100,160,259,2025-04-06,2025-09-22,67.0,1.2931,16.0421,0.160421
100,161,260,2025-04-16,2025-09-23,67.0,1.3155,16.6988,0.166988
100,162,261,2025-04-20,2025-09-23,67.0,1.3479,17.5787,0.175787
100,163,262,2025-04-20,2025-09-24,67.0,1.3506,17.1573,0.171573
100,164,263,2025-04-22,2025-09-26,66.0,1.2865,15.2518,0.152518
100,165,264,2025-04-23,2025-10-04,65.0,1.2395,13.9104,0.139104
100,166,265,2025-04-25,2025-10-04,66.0,1.2804,15.5797,0.155797
100,167,266,2025-04-28,2025-10-06,65.0,1.2275,13.9505,0.139505
100,168,267,2025-04-28,2025-10-09,65.0,1.2384,14.1903,0.141903
100,169,268,2025-04-29,2025-10-09,64.0,1.1875,12.3103,0.123103
100,170,269,2025-05-01,2025-10-09,64.0,1.2002,12.5885,0.125885
100,171,270,2025-05-02,2025-10-10,65.0,1.2553,14.846,0.14846
100,172,271,2025-05-04,2025-10-12,65.0,1.2463,13.8459,0.138459
100,173,272,2025-05-05,2025-10-13,65.0,1.2765,14.496,0.14496
100,174,273,2025-05-05,2025-10-16,65.0,1.2659,13.7462,0.137462
100,175,274,2025-05-05,2025-10-18,65.0,1.2656,13.4108,0.134108
100,176,275,2025-05-06,2025-10-20,65.0,1.2553,12.7555,0.127555
100,177,276,2025-05-06,2025-10-21,65.0,1.2639,12.7874,0.127874
100,178,277,2025-05-08,2025-10-22,66.0,1.3467,15.3211,0.153211
100,179,278,2025-05-08,2025-10-22,65.0,1.2701,13.237,0.13237
100,180,279,2025-05-11,2025-10-22,65.0,1.2732,13.2265,0.132265
100,181,280,2025-05-13,2025-10-26,65.0,1.3048,13.9781,0.139781
100,182,281,2025-05-14,2025-10-27,65.0,1.3309,14.5226,0.145226
100,183,282,2025-05-19,2025-10-27,65.0,1.3545,14.8631,0.148631
100,184,283,2025-05-21,2025-10-28,66.0,1.4199,16.6945,0.166945
100,185,284,2025-05-21,2025-10-28,66.0,1.4223,16.38,0.1638
100,186,285,2025-05-25,2025-10-29,66.0,1.4405,16.6368,0.166368
100,187,286,2025-05-25,2025-10-30,66.0,1.4796,17.359,0.17359
100,188,287,2025-05-26,2025-10-31,65.0,1.3842,15.311,0.15311
100,189,288,2025-05-28,2025-11-02,65.0,1.3506,15.2622,0.152622
100,190,289,2025-05-28,2025-11-08,65.0,1.3499,14.9903,0.149903
100,191,290,2025-05-29,2025-11-09,65.0,1.3793,15.4295,0.154295
100,192,291,2025-05-29,2025-11-10,64.0,1.3012,13.5136,0.135136
100,193,292,2025-05-31,2025-11-13,64.0,1.3064,13.4405,0.134405
100,194,293,2025-06-01,2025-11-13,64.0,1.2852,13.44,0.1344
100,195,294,2025-06-01,2025-11-16,64.0,1.2752,12.614,0.12614
100,196,295,2025-06-01,2025-11-17,65.0,1.3292,14.2723,0.142723
100,197,296,2025-06-02,2025-11-17,65.0,1.3103,13.1964,0.131964
100,198,297,2025-06-05,2025-11-24,65.0,1.2899,13.2391,0.132391
100,199,298,2025-06-05,2025-11-28,66.0,1.3751,15.712,0.15712
100,200,299,2025-06-05,2025-11-28,67.0,1.426,17.2176,0.172176
100,201,300,2025-06-08,2025-11-29,67.0,1.4315,17.1711,0.171711
100,202,301,2025-06-08,2025-12-01,67.0,1.4075,17.4321,0.174321
100,203,302,2025-06-08,2025-12-03,67.0,1.4313,17.7162,0.177162
100,204,303,2025-06-09,2025-12-03,68.0,1.4859,19.326,0.19326
100,205,304,2025-06-10,2025-12-04,69.0,1.546,21.0627,0.210627
100,206,305,2025-06-12,2025-12-07,68.0,1.4546,19.2335,0.192335
100,207,306,2025-06-15,2025-12-11,67.0,1.382,17.5115,0.175115
100,208,307,2025-06-21,2025-12-15,67.0,1.3862,17.2117,0.172117
100,209,308,2025-06-22,2025-12-17,67.0,1.3959,17.2623,0.172623
100,210,309,2025-06-23,2025-12-17,67.0,1.3686,17.2941,0.172941
100,211,310,2025-06-25,2025-12-18,68.0,1.429,19.2541,0.192541
100,212,311,2025-06-25,2025-12-21,68.0,1.4733,19.9375,0.199375
100,213,312,2025-06-30,2025-12-26,68.0,1.4688,19.1783,0.191783
100,214,313,2025-07-01,2025-12-26,68.0,1.469,18.2828,0.182828
100,215,314,2025-07-02,2025-12-28,68.0,1.4866,18.5077,0.185077
100,216,315,2025-07-03,2025-12-29,68.0,1.453,18.6292,0.186292
100,217,316,2025-07-04,2025-12-29,69.0,1.5093,20.296,0.20296
100,218,317,2025-07-06,2025-12-30,70.0,1.5792,22.2359,0.222359
100,219,318,2025-07-07,2025-12-31,69.0,1.4793,19.9458,0.199458
100,220,319,2025-07-07,2026-01-02,70.0,1.547,21.9357,0.219357
100,221,320,2025-07-11,2026-01-06,71.0,1.6153,23.9404,0.239404
100,222,321,2025-07-20,2026-01-08,71.0,1.6476,24.3161,0.243161
100,223,322,2025-07-22,2026-01-09,72.0,1.7697,27.3058,0.273058
100,224,323,2025-07-25,2026-01-10,71.0,1.6411,25.4445,0.254445
100,225,324,2025-07-25,2026-01-11,72.0,1.7281,27.7571,0.277571
100,226,325,2025-07-25,2026-01-12,72.0,1.7793,28.4709,0.284709
100,227,326,2025-07-27,2026-01-13,72.0,1.7914,28.163,0.28163
100,228,327,2025-07-30,2026-01-15,71.0,1.6075,21.2934,0.212934
100,229,328,2025-07-30,2026-01-17,70.0,1.5049,19.5179,0.195179
100,230,329,2025-07-31,2026-01-20,71.0,1.5627,21.2441,0.212441
100,231,330,2025-08-06,2026-01-23,71.0,1.5859,21.3509,0.213509
100,232,331,2025-08-07,2026-01-27,71.0,1.6063,21.2018,0.212018
100,233,332,2025-08-10,2026-01-27,70.0,1.5098,19.6095,0.196095
100,234,333,2025-08-11,2026-01-28,70.0,1.5723,20.6555,0.206555
100,235,334,2025-08-19,2026-01-29,70.0,1.5784,20.3439,0.203439
100,236,335,2025-08-20,2026-02-03,71.0,1.6745,22.6618,0.226618
100,237,336,2025-08-20,2026-02-03,72.0,1.7478,24.4453,0.244453
100,238,337,2025-08-21,2026-02-06,72.0,1.7541,24.1403,0.241403
100,239,338,2025-08-26,2026-02-07,73.0,1.8223,25.7802,0.257802
100,240,339,2025-08-27,2026-02-08,73.0,1.8103,24.4722,0.244722
100,241,340,2025-08-31,2026-02-09,73.0,1.8333,24.286,0.24286
100,242,341,2025-08-31,2026-02-09,74.0,1.9278,26.2716,0.262716
100,243,342,2025-09-01,2026-02-14,74.0,1.9306,25.9371,0.259371
100,244,343,2025-09-01,2026-02-16,75.0,2.0294,27.9248,0.279248
100,245,344,2025-09-02,2026-02-19,75.0,2.1233,28.658,0.28658
100,246,345,2025-09-04,2026-02-20,76.0,2.2213,30.3931,0.303931
100,247,346,2025-09-05,2026-02-25,75.0,2.0341,28.8311,0.288311
100,248,347,2025-09-07,2026-02-25,75.0,2.047,28.2618,0.282618
100,249,348,2025-09-08,2026-03-06,76.0,2.1334,29.9492,0.299492
100,250,349,2025-09-09,2026-03-09,77.0,2.2681,32.199,0.32199
100,251,350,2025-09-10,2026-03-09,77.0,2.3221,32.0338,0.320338
100,252,351,2025-09-10,2026-03-09,77.0,2.4052,32.3379,0.323379
100,253,352,2025-09-12,2026-03-10,77.0,2.4755,32.6774,0.326774
100,254,353,2025-09-12,2026-03-10,77.0,2.4985,32.5968,0.325968
100,255,354,2025-09-14,2026-03-11,78.0,2.5893,34.0153,0.340153
100,256,355,2025-09-17,2026-03-11,78.0,2.5719,31.5256,0.315256
100,257,356,2025-09-20,2026-03-12,78.0,2.6108,31.5019,0.315019
100,258,357,2025-09-21,2026-03-12,79.0,2.7851,33.9812,0.339812
100,259,358,2025-09-22,2026-03-15,78.0,2.4318,31.4719,0.314719
100,260,359,2025-09-23,2026-03-18,78.0,2.4855,31.7259,0.317259
100,261,360,2025-09-23,2026-03-18,77.0,2.2387,29.8672,0.298672
100,262,361,2025-09-24,2026-03-20,77.0,2.2501,29.1572,0.291572
100,263,362,2025-09-26,2026-03-22,77.0,2.2655,28.9234,0.289234
100,264,363,2025-10-04,2026-03-22,78.0,2.3614,30.4727,0.304727
100,265,364,2025-10-04,2026-03-28,78.0,2.1877,30.394,0.30394
100,266,365,2025-10-06,2026-03-29,78.0,2.2889,31.2626,0.312626
100,267,366,2025-10-09,2026-04-01,78.0,2.1477,31.4233,0.314233
100,268,367,2025-10-09,2026-04-05,77.0,1.9641,29.6204,0.296204
100,269,368,2025-10-09,2026-04-05,78.0,2.0299,31.1986,0.311986
100,270,369,2025-10-10,2026-04-06,77.0,1.8816,29.2692,0.292692
100,271,370,2025-10-12,2026-04-06,76.0,1.7495,27.0479,0.270479
100,272,371,2025-10-13,2026-04-07,75.0,1.6346,25.2122,0.252122
100,273,372,2025-10-15,2026-04-09,75.0,1.6377,24.2475,0.242475
100,274,373,2025-10-18,2026-04-11,74.0,1.55,22.8596,0.228596
100,275,374,2025-10-20,2026-04-16,74.0,1.5756,23.1602,0.231602
100,276,375,2025-10-21,2026-04-21,74.0,1.6073,23.7285,0.237285
100,277,376,2025-10-22,2026-04-22,73.0,1.5223,22.0272,0.220272
100,278,377,2025-10-22,2026-04-22,73.0,1.5623,22.0924,0.220924
100,279,378,2025-10-22,2026-04-23,74.0,1.6369,24.2385,0.242385
100,280,379,2025-10-26,2026-04-26,73.0,1.533,22.6161,0.226161
100,281,380,2025-10-27,2026-04-26,73.0,1.5801,23.0275,0.230275
100,282,381,2025-10-27,2026-04-27,72.0,1.4944,21.0355,0.210355
100,283,382,2025-10-28,2026-05-03,72.0,1.528,21.273,0.21273
100,284,383,2025-10-28,2026-05-07,72.0,1.5661,21.7497,0.217497
100,285,384,2025-10-29,2026-05-08,71.0,1.4793,20.1194,0.201194
100,286,385,2025-10-30,2026-05-15,71.0,1.4959,20.1859,0.201859
100,287,386,2025-10-31,2026-05-16,70.0,1.4098,18.0113,0.180113
100,288,387,2025-11-02,2026-05-16,70.0,1.3638,17.7119,0.177119
100,289,388,2025-11-07,2026-05-20,71.0,1.4123,19.5808,0.195808
100,290,389,2025-11-09,2026-05-21,71.0,1.4611,20.783,0.20783
100,291,390,2025-11-10,2026-05-22,71.0,1.4836,20.6969,0.206969
100,292,391,2025-11-13,2026-05-23,72.0,1.5418,22.5594,0.225594
100,293,392,2025-11-13,2026-05-25,72.0,1.5572,22.6295,0.226295
100,294,393,2025-11-16,2026-05-26,72.0,1.5088,22.5809,0.225809
100,295,394,2025-11-17,2026-05-27,72.0,1.5275,22.6814,0.226814
100,296,395,2025-11-17,2026-05-28,72.0,1.5515,23.0742,0.230742
100,297,396,2025-11-24,2026-06-01,71.0,1.4789,21.6591,0.216591
100,298,397,2025-11-28,2026-06-02,72.0,1.5261,23.3417,0.233417
100,299,398,2025-11-28,2026-06-10,72.0,1.5236,22.39,0.2239
100,300,399,2025-11-29,2026-06-11,72.0,1.5348,22.407,0.22407
100,301,400,2025-12-01,2026-06-21,72.0,1.5837,23.376,0.23376
100,302,401,2025-12-03,2026-06-21,73.0,1.6716,25.7826,0.257826
100,303,402,2025-12-03,2026-06-24,72.0,1.5747,23.7989,0.237989
100,304,403,2025-12-04,2026-06-24,72.0,1.5912,23.8629,0.238629
100,305,404,2025-12-07,2026-06-28,72.0,1.6155,24.0595,0.240595
100,306,405,2025-12-11,2026-06-29,73.0,1.6896,26.1636,0.261636
100,307,406,2025-12-14,2026-07-01,74.0,1.7443,27.765,0.27765
100,308,407,2025-12-17,2026-07-02,74.0,1.7659,27.8176,0.278176
100,309,408,2025-12-17,2026-07-04,74.0,1.7891,27.928,0.27928
100,310,409,2025-12-18,2026-07-05,74.0,1.7146,27.8845,0.278845
100,311,410,2025-12-21,2026-07-06,74.0,1.7572,28.0982,0.280982
100,312,411,2025-12-26,2026-07-06,74.0,1.7672,27.1984,0.271984
100,313,412,2025-12-26,2026-07-09,74.0,1.8052,27.625,0.27625
100,314,413,2025-12-27,2026-07-12,74.0,1.8456,27.8062,0.278062
100,315,414,2025-12-29,2026-07-13,74.0,1.8713,27.8473,0.278473
100,316,415,2025-12-29,2026-07-15,75.0,1.9662,29.9015,0.299015
100,317,416,2025-12-29,2026-07-15,75.0,2.0179,30.2885,0.302885
100,318,417,2025-12-31,2026-07-16,74.0,1.8593,28.3039,0.283039
100,319,418,2026-01-02,2026-07-17,75.0,1.9169,29.8202,0.298202
100,320,419,2026-01-06,2026-07-19,75.0,1.9729,30.1236,0.301236
100,321,420,2026-01-08,2026-07-20,75.0,1.9987,30.0089,0.300089
100,322,421,2026-01-08,2026-07-20,74.0,1.8482,28.0544,0.280544
100,323,422,2026-01-10,2026-07-20,74.0,1.8715,27.2824,0.272824
100,324,423,2026-01-11,2026-07-20,74.0,1.7847,27.4337,0.274337
100,325,424,2026-01-12,2026-07-22,73.0,1.6583,25.0726,0.250726
100,326,425,2026-01-12,2026-07-22,73.0,1.6716,24.5913,0.245913
100,327,426,2026-01-15,2026-07-27,73.0,1.7116,25.1024,0.251024
100,328,427,2026-01-17,2026-07-28,73.0,1.6394,25.0292,0.250292
100,329,428,2026-01-20,2026-07-29,73.0,1.5884,25.1957,0.251957
100,330,429,2026-01-23,2026-07-30,72.0,1.5048,23.4559,0.234559
100,331,430,2026-01-27,2026-07-31,72.0,1.5237,23.4515,0.234515
100,332,431,2026-01-27,2026-08-01,71.0,1.4513,21.6048,0.216048
100,333,432,2026-01-27,2026-08-02,71.0,1.416,21.6579,0.216579
100,334,433,2026-01-29,2026-08-05,71.0,1.4309,21.047,0.21047
100,335,434,2026-02-03,2026-08-05,71.0,1.4551,21.4774,0.214774
100,336,435,2026-02-03,2026-08-07,70.0,1.3741,18.9603,0.189603
100,337,436,2026-02-06,2026-08-09,70.0,1.52,22.9729,0.229729
100,338,437,2026-02-07,2026-08-10,69.0,1.4487,21.5292,0.215292
100,339,438,2026-02-08,2026-08-14,69.0,1.4661,21.6792,0.216792
100,340,439,2026-02-08,2026-08-14,69.0,1.4967,22.3078,0.223078
100,341,440,2026-02-09,2026-08-20,68.0,1.4242,20.5449,0.205449
100,342,441,2026-02-14,2026-08-21,67.0,1.3565,18.6676,0.186676
100,343,442,2026-02-16,2026-08-22,66.0,1.3088,17.414,0.17414
100,344,443,2026-02-19,2026-08-24,66.0,1.3248,17.6108,0.176108
100,345,444,2026-02-20,2026-08-24,66.0,1.3176,16.5687,0.165687
