trade_num,asset,direction,ob_zone,decision_time_ist,entry_time_ist,exit_time_ist,entry_price,sl_price,tp_price,sl_dist_pct,leverage,actual_sl_risk_pct,tp_ret_pct,outcome,realized_r,loss_mechanism,starting_capital_gross,gross_pnl_usd,ending_capital_gross,starting_capital_net,fees_usd,net_pnl_usd,ending_capital_net,month
1,BTCUSD,SHORT,"[90001.00, 90459.00]",2026-01-03 17:30 IST,2026-01-03 19:30 IST,2026-01-04 02:30 IST,90115.5,90459.0,89574.807,0.3812,91.82,35.0,55.09,FILLED_SL,-1.0,CONSOLIDATION_REVERSAL,10.0,-3.5,6.5,10.0,0.7346,-4.2346,5.7654,2026-01
2,BTCUSD,SHORT,"[91268.00, 91660.00]",2026-01-08 22:30 IST,2026-01-08 22:30 IST,2026-01-08 22:30 IST,91366.0,91660.0,90817.804,0.3218,100.0,32.18,60.0,FILLED_TP,1.8646,N/A,6.5,3.9,10.4,5.7654,0.4612,2.998,8.7635,2026-01
3,BTCUSD,LONG,"[90369.00, 90619.50]",2026-01-10 19:30 IST,2026-01-10 19:30 IST,2026-01-11 03:30 IST,90556.875,90369.0,91100.2162,0.2075,100.0,20.75,60.0,FILLED_SL,-1.0,CONSOLIDATION_REVERSAL,10.4,-2.1576,8.2424,8.7635,0.7011,-2.5192,6.2443,2026-01
4,BTCUSD,LONG,"[90541.50, 90767.00]",2026-01-12 00:30 IST,2026-01-12 00:30 IST,2026-01-12 01:30 IST,90710.625,90541.5,91254.8887,0.1864,100.0,18.64,60.0,FILLED_SL,-1.0,CONSOLIDATION_REVERSAL,8.2424,-1.5367,6.7056,6.2443,0.4995,-1.6637,4.5805,2026-01
5,BTCUSD,SHORT,"[90844.00, 91257.50]",2026-01-12 04:30 IST,2026-01-12 04:30 IST,2026-01-12 04:30 IST,90947.375,91257.5,90401.6907,0.341,100.0,34.1,60.0,FILLED_TP,1.7596,N/A,6.7056,4.0234,10.729,4.5805,0.3664,2.3819,6.9624,2026-01
6,BTCUSD,LONG,"[90195.00, 91009.50]",2026-01-12 13:30 IST,2026-01-12 13:30 IST,2026-01-12 13:30 IST,90805.875,90195.0,91350.7103,0.6727,52.03,35.0,31.22,FILLED_TP,0.8919,N/A,10.729,3.3492,14.0782,6.9624,0.2898,1.8836,8.846,2026-01
7,BTCUSD,LONG,"[90095.00, 90614.00]",2026-01-12 15:30 IST,2026-01-12 15:30 IST,2026-01-12 19:30 IST,90484.25,90095.0,91027.1555,0.4302,81.36,35.0,48.82,FILLED_SL,-1.0,DUAL_TOUCH_AMBIGUITY,14.0782,-4.9274,9.1508,8.846,0.5758,-3.6719,5.1741,2026-01
8,BTCUSD,SHORT,"[95538.50, 95815.50]",2026-01-17 20:30 IST,2026-01-17 20:30 IST,2026-01-18 03:30 IST,95607.75,95815.5,95034.1035,0.2173,100.0,21.73,60.0,FILLED_TP,2.7612,N/A,9.1508,5.4905,14.6413,5.1741,0.4139,2.6905,7.8647,2026-01
9,BTCUSD,SHORT,"[95387.50, 95626.00]",2026-01-19 03:30 IST,2026-01-19 03:30 IST,2026-01-19 04:30 IST,95447.125,95626.0,94874.4422,0.1874,100.0,18.74,60.0,FILLED_TP,3.2016,N/A,14.6413,8.7848,23.4261,7.8647,0.6292,4.0896,11.9543,2026-01
10,BTCUSD,LONG,"[87524.00, 87841.00]",2026-01-21 21:30 IST,2026-01-21 21:30 IST,2026-01-21 21:30 IST,87761.75,87524.0,88288.3205,0.2709,100.0,27.09,60.0,FILLED_TP,2.2148,N/A,23.4261,14.0556,37.4817,11.9543,0.9563,6.2162,18.1705,2026-01
11,BTCUSD,SHORT,"[89713.50, 90540.00]",2026-01-22 00:30 IST,2026-01-22 00:30 IST,2026-01-22 00:30 IST,89920.125,90540.0,89380.6043,0.6894,50.77,35.0,30.46,FILLED_TP,0.8704,N/A,37.4817,11.418,48.8997,18.1705,0.738,4.7972,22.9678,2026-01
12,BTCUSD,LONG,"[89108.00, 89544.50]",2026-01-23 11:30 IST,2026-01-23 11:30 IST,2026-01-23 13:30 IST,89435.375,89108.0,89971.9873,0.366,95.62,35.0,57.37,FILLED_SL,-1.0,CONSOLIDATION_REVERSAL,48.8997,-17.1149,31.7848,22.9678,1.7569,-9.7956,13.1722,2026-01
13,BTCUSD,LONG,"[86995.00, 87764.50]",2026-01-27 01:30 IST,2026-01-27 01:30 IST,2026-01-27 02:30 IST,87572.125,86995.0,88097.5578,0.659,53.11,35.0,31.87,FILLED_TP,0.9104,N/A,31.7848,10.1283,41.9131,13.1722,0.5596,3.6377,16.8099,2026-01
14,BTCUSD,SHORT,"[88619.00, 88953.00]",2026-01-27 07:30 IST,2026-01-27 07:30 IST,2026-01-27 09:30 IST,88702.5,88953.0,88170.285,0.2824,100.0,28.24,60.0,FILLED_SL,-1.0,CONSOLIDATION_REVERSAL,41.9131,-11.8365,30.0766,16.8099,1.3448,-6.092,10.7179,2026-01
15,BTCUSD,LONG,"[87538.50, 88173.50]",2026-01-29 13:30 IST,2026-01-29 13:30 IST,2026-01-29 19:30 IST,88014.75,87538.5,88542.8385,0.5411,64.68,35.0,38.81,FILLED_SL,-1.0,CONSOLIDATION_REVERSAL,30.0766,-10.5268,19.5498,10.7179,0.5546,-4.3059,6.412,2026-01
16,BTCUSD,SHORT,"[78107.00, 79202.00]",2026-02-02 18:30 IST,2026-02-02 18:30 IST,2026-02-02 18:30 IST,78380.75,79202.0,77910.4655,1.0478,33.4,35.0,20.04,FILLED_TP,0.5726,N/A,19.5498,3.9183,23.4681,6.412,0.1714,1.1138,7.5258,2026-02
17,BTCUSD,SHORT,"[78684.50, 79171.00]",2026-02-03 08:30 IST,2026-02-03 08:30 IST,2026-02-03 08:30 IST,78806.125,79171.0,78333.2882,0.463,75.59,35.0,45.36,FILLED_TP,1.2959,N/A,23.4681,10.6442,34.1123,7.5258,0.4551,2.9583,10.4841,2026-02
18,BTCUSD,SHORT,"[71013.50, 71950.00]",2026-02-07 03:30 IST,2026-02-07 03:30 IST,2026-02-07 03:30 IST,71247.625,71950.0,70820.1392,0.9858,35.5,35.0,21.3,FILLED_TP,0.6086,N/A,34.1123,7.2666,41.3789,10.4841,0.2978,1.9355,12.4196,2026-02
19,BTCUSD,SHORT,"[70571.00, 71673.50]",2026-02-08 22:30 IST,2026-02-08 22:30 IST,2026-02-08 22:30 IST,70846.625,71673.5,70421.5452,1.1671,29.99,35.0,17.99,FILLED_TP,0.5141,N/A,41.3789,7.4452,48.8241,12.4196,0.298,1.9367,14.3563,2026-02
20,BTCUSD,LONG,"[66646.50, 67185.50]",2026-02-12 20:30 IST,2026-02-12 20:30 IST,2026-02-12 20:30 IST,67050.75,66646.5,67453.0545,0.6029,58.05,35.0,34.83,FILLED_TP,0.9952,N/A,48.8241,17.0062,65.8303,14.3563,0.6667,4.3338,18.6901,2026-02
21,BTCUSD,LONG,"[69219.00, 69974.50]",2026-02-15 17:30 IST,2026-02-15 17:30 IST,2026-02-15 17:30 IST,69785.625,69219.0,70204.3387,0.812,43.11,35.0,25.86,FILLED_TP,0.739,N/A,65.8303,17.0261,82.8564,18.6901,0.6445,4.1894,22.8795,2026-02
22,BTCUSD,LONG,"[68121.00, 68445.00]",2026-02-16 18:30 IST,2026-02-16 18:30 IST,2026-02-16 18:30 IST,68364.0,68121.0,68774.184,0.3555,98.47,35.0,59.08,FILLED_TP,1.688,N/A,82.8564,48.9516,131.808,22.8795,1.8023,11.7149,34.5944,2026-02
23,BTCUSD,SHORT,"[68775.50, 69831.50]",2026-02-17 02:30 IST,2026-02-17 07:30 IST,2026-02-17 07:30 IST,69039.5,69831.5,68625.263,1.1472,30.51,35.0,18.31,FILLED_TP,0.523,N/A,131.808,24.1287,155.9367,34.5944,0.8444,5.4885,40.0829,2026-02
24,BTCUSD,SHORT,"[67008.00, 67308.50]",2026-02-19 23:30 IST,2026-02-20 00:30 IST,2026-02-20 00:30 IST,67083.125,67308.5,66680.6263,0.336,100.0,33.6,60.0,FILLED_TP,1.7859,N/A,155.9367,93.562,249.4987,40.0829,3.2066,20.8431,60.926,2026-02
25,BTCUSD,LONG,"[67497.00, 67977.50]",2026-02-22 03:30 IST,2026-02-22 05:30 IST,2026-02-22 19:30 IST,67857.375,67497.0,68264.5192,0.5311,65.9,35.0,39.54,FILLED_SL,-1.0,CONSOLIDATION_REVERSAL,249.4987,-87.3246,162.1742,60.926,3.2122,-24.5363,36.3897,2026-02
26,BTCUSD,LONG,"[66850.00, 67352.00]",2026-02-27 14:30 IST,2026-02-27 15:30 IST,2026-02-27 15:30 IST,67226.5,66850.0,67629.859,0.56,62.49,35.0,37.5,FILLED_SL,-1.0,INSTANT_BLOWTHROUGH,162.1742,-56.761,105.4132,36.3897,1.8193,-14.5557,21.834,2026-02
27,BTCUSD,LONG,"[64726.00, 65487.00]",2026-02-27 21:30 IST,2026-02-27 22:30 IST,2026-02-27 22:30 IST,65296.75,64726.0,65688.5305,0.8741,40.04,35.0,24.03,FILLED_TP,0.6864,N/A,105.4132,25.3256,130.7388,21.834,0.6994,4.5462,26.3802,2026-02
28,BTCUSD,SHORT,"[67928.50, 68891.50]",2026-03-04 10:30 IST,2026-03-04 10:30 IST,2026-03-04 10:30 IST,68169.25,68891.5,67760.2345,1.0595,33.03,35.0,19.82,FILLED_TP,0.5663,N/A,130.7388,25.9134,156.6523,26.3802,0.6972,4.5316,30.9118,2026-03
29,BTCUSD,SHORT,"[70582.50, 71429.00]",2026-03-04 13:30 IST,2026-03-04 13:30 IST,2026-03-04 13:30 IST,70794.125,71429.0,70369.3602,0.8968,39.03,35.0,23.42,FILLED_TP,0.6691,N/A,156.6523,36.683,193.3353,30.9118,0.9651,6.2734,37.1852,2026-03
30,BTCUSD,SHORT,"[72376.00, 73300.00]",2026-03-05 14:30 IST,2026-03-05 14:30 IST,2026-03-05 15:30 IST,72607.0,73300.0,72171.358,0.9545,36.67,35.0,22.0,FILLED_SL,-1.0,CONSOLIDATION_REVERSAL,193.3353,-67.6673,125.6679,37.1852,1.0909,-14.1057,23.0795,2026-03
31,BTCUSD,SHORT,"[70993.00, 71538.00]",2026-03-06 12:30 IST,2026-03-06 12:30 IST,2026-03-06 12:30 IST,71129.25,71538.0,70702.4745,0.5747,60.91,35.0,36.54,FILLED_TP,1.0441,N/A,125.6679,45.9234,171.5913,23.0795,1.1245,7.3095,30.389,2026-03
32,BTCUSD,LONG,"[67366.50, 68367.50]",2026-03-07 03:30 IST,2026-03-07 04:30 IST,2026-03-07 08:30 IST,68117.25,67366.5,68525.9535,1.1021,31.76,35.0,19.05,FILLED_TP,0.5444,N/A,171.5913,32.6946,204.286,30.389,0.772,5.0182,35.4072,2026-03
33,BTCUSD,SHORT,"[67148.50, 67466.00]",2026-03-08 12:30 IST,2026-03-08 12:30 IST,2026-03-08 13:30 IST,67227.875,67466.0,66824.5078,0.3542,98.81,35.0,59.29,FILLED_SL,-1.0,CONSOLIDATION_REVERSAL,204.286,-71.5001,132.7859,35.4072,2.7989,-15.1915,20.2157,2026-03
34,BTCUSD,SHORT,"[67816.00, 68210.50]",2026-03-08 15:30 IST,2026-03-08 15:30 IST,2026-03-08 16:30 IST,67914.625,68210.5,67507.1372,0.4357,80.34,35.0,48.2,FILLED_TP,1.3772,N/A,132.7859,64.0068,196.7927,20.2157,1.2993,8.4453,28.6611,2026-03
35,BTCUSD,LONG,"[66516.50, 67067.00]",2026-03-08 21:30 IST,2026-03-08 21:30 IST,2026-03-09 00:30 IST,66929.375,66516.5,67330.9512,0.6169,56.74,35.0,34.04,FILLED_TP,0.9726,N/A,196.7927,66.9925,263.7852,28.6611,1.3009,8.4559,37.117,2026-03
36,BTCUSD,SHORT,"[67665.50, 68176.00]",2026-03-09 13:30 IST,2026-03-09 13:30 IST,2026-03-09 13:30 IST,67793.125,68176.0,67386.3663,0.5648,61.97,35.0,37.18,FILLED_TP,1.0624,N/A,263.7852,98.0841,361.8693,37.117,1.8402,11.9612,49.0782,2026-03
37,BTCUSD,LONG,"[68334.50, 69499.00]",2026-03-10 08:30 IST,2026-03-11 16:30 IST,2026-03-11 16:30 IST,69207.875,68334.5,69623.1223,1.262,27.73,35.0,16.64,FILLED_TP,0.4755,N/A,361.8693,60.2179,422.0872,49.0782,1.0889,7.0781,56.1562,2026-03
38,BTCUSD,LONG,"[68940.00, 69751.50]",2026-03-12 07:30 IST,2026-03-12 07:30 IST,2026-03-12 13:30 IST,69548.625,68940.0,69965.9168,0.8751,40.0,35.0,24.0,FILLED_TP,0.6856,N/A,422.0872,101.2885,523.3758,56.1562,1.7968,11.6791,67.8353,2026-03
39,BTCUSD,LONG,"[73129.00, 73886.00]",2026-03-17 15:30 IST,2026-03-17 15:30 IST,2026-03-17 16:30 IST,73696.75,73129.0,74138.9305,0.7704,45.43,35.0,27.26,FILLED_TP,0.7788,N/A,523.3758,142.6672,666.0429,67.8353,2.4655,16.0257,83.861,2026-03
40,BTCUSD,LONG,"[69690.00, 70266.50]",2026-03-20 18:30 IST,2026-03-20 18:30 IST,2026-03-20 18:30 IST,70122.375,69690.0,70543.1092,0.6166,56.76,35.0,34.06,FILLED_TP,0.9731,N/A,666.0429,226.8389,892.8819,83.861,3.8082,24.753,108.614,2026-03
41,BTCUSD,SHORT,"[68679.50, 68990.00]",2026-03-23 10:30 IST,2026-03-23 10:30 IST,2026-03-23 11:30 IST,68757.125,68990.0,68344.5823,0.3387,100.0,33.87,60.0,FILLED_TP,1.7715,N/A,892.8819,535.7291,1428.611,108.614,8.6891,56.4793,165.0933,2026-03
42,BTCUSD,SHORT,"[70450.00, 71385.00]",2026-03-25 04:30 IST,2026-03-25 04:30 IST,2026-03-25 04:30 IST,70683.75,71385.0,70259.6475,0.9921,35.28,35.0,21.17,FILLED_TP,0.6048,N/A,1428.611,302.3987,1731.0097,165.0933,4.6594,30.2864,195.3797,2026-03
43,BTCUSD,LONG,"[65326.50, 66115.00]",2026-03-28 02:30 IST,2026-03-28 03:30 IST,2026-03-28 04:30 IST,65917.875,65326.5,66313.3822,0.8971,39.01,35.0,23.41,FILLED_TP,0.6688,N/A,1731.0097,405.1903,2136.2,195.3797,6.0979,39.6361,235.0159,2026-03
44,BTCUSD,LONG,"[65900.00, 66221.00]",2026-03-28 15:30 IST,2026-03-28 15:30 IST,2026-03-28 18:30 IST,66140.75,65900.0,66537.5945,0.364,96.15,35.0,57.69,FILLED_TP,1.6484,N/A,2136.2,1232.435,3368.635,235.0159,18.0783,117.5091,352.5249,2026-03
45,BTCUSD,LONG,"[66093.50, 66388.50]",2026-03-29 04:30 IST,2026-03-29 04:30 IST,2026-03-29 04:30 IST,66314.75,66093.5,66712.6385,0.3336,100.0,33.36,60.0,FILLED_TP,1.7984,N/A,3368.635,2021.181,5389.816,352.5249,28.202,183.313,535.8379,2026-03
46,BTCUSD,SHORT,"[68408.00, 69462.00]",2026-04-01 16:30 IST,2026-04-01 16:30 IST,2026-04-01 17:30 IST,68671.5,69462.0,68259.471,1.1511,30.4,35.0,18.24,FILLED_TP,0.5212,N/A,5389.816,983.2589,6373.0749,535.8379,13.0337,84.7187,620.5566,2026-04
47,BTCUSD,LONG,"[65826.50, 66357.50]",2026-04-02 16:30 IST,2026-04-02 16:30 IST,2026-04-02 18:30 IST,66224.75,65826.5,66622.0985,0.6014,58.2,35.0,34.92,FILLED_SL,-1.0,CONSOLIDATION_REVERSAL,6373.0749,-2230.5762,4142.4987,620.5566,28.8938,-246.0886,374.468,2026-04
48,BTCUSD,SHORT,"[66766.50, 67081.00]",2026-04-03 11:30 IST,2026-04-03 12:30 IST,2026-04-03 12:30 IST,66845.125,67081.0,66444.0543,0.3529,99.19,35.0,59.51,FILLED_SL,-1.0,INSTANT_BLOWTHROUGH,4142.4987,-1449.8745,2692.6242,374.468,29.714,-160.7778,213.6903,2026-04
49,BTCUSD,LONG,"[68746.50, 69393.50]",2026-04-06 17:30 IST,2026-04-06 18:30 IST,2026-04-06 19:30 IST,69231.75,68746.5,69647.1405,0.7009,49.94,35.0,29.96,FILLED_TP,0.856,N/A,2692.6242,806.7422,3499.3664,213.6903,8.5366,55.4876,269.1779,2026-04
50,BTCUSD,SHORT,"[68906.50, 69226.00]",2026-04-08 00:30 IST,2026-04-08 00:30 IST,2026-04-08 00:30 IST,68986.375,69226.0,68572.4567,0.3474,100.0,34.74,60.0,FILLED_TP,1.7274,N/A,3499.3664,2099.6198,5598.9862,269.1779,21.5342,139.9725,409.1503,2026-04
51,BTCUSD,SHORT,"[71550.00, 72171.50]",2026-04-08 21:30 IST,2026-04-08 22:30 IST,2026-04-08 23:30 IST,71705.375,72171.5,71275.1427,0.6501,53.84,35.0,32.3,FILLED_TP,0.923,N/A,5598.9862,1808.7478,7407.734,409.1503,17.6234,114.5522,523.7026,2026-04
52,BTCUSD,SHORT,"[71629.00, 72358.50]",2026-04-10 14:30 IST,2026-04-10 14:30 IST,2026-04-10 17:30 IST,71811.375,72358.5,71380.5068,0.7619,45.94,35.0,27.56,FILLED_SL,-1.0,CONSOLIDATION_REVERSAL,7407.734,-2592.7069,4815.0271,523.7026,19.2464,-202.5423,321.1603,2026-04
53,BTCUSD,LONG,"[70495.00, 71226.50]",2026-04-12 23:30 IST,2026-04-12 23:30 IST,2026-04-13 03:30 IST,71043.625,70495.0,71469.8868,0.7722,45.32,35.0,27.19,FILLED_SL,-1.0,CONSOLIDATION_REVERSAL,4815.0271,-1685.2595,3129.7676,321.1603,11.6447,-124.0508,197.1095,2026-04
54,BTCUSD,SHORT,"[74563.50, 75240.00]",2026-04-16 17:30 IST,2026-04-16 17:30 IST,2026-04-16 18:30 IST,74732.625,75240.0,74284.2293,0.6789,51.55,35.0,30.93,FILLED_TP,0.8838,N/A,3129.7676,968.0829,4097.8505,197.1095,8.1292,52.8397,249.9491,2026-04
55,BTCUSD,LONG,"[74829.50, 75363.50]",2026-04-19 21:30 IST,2026-04-19 22:30 IST,2026-04-19 22:30 IST,75230.0,74829.5,75681.38,0.5324,65.74,35.0,39.45,FILLED_SL,-1.0,INSTANT_BLOWTHROUGH,4097.8505,-1434.2477,2663.6029,249.9491,13.1461,-100.6283,149.3208,2026-04
56,BTCUSD,LONG,"[74491.50, 74777.50]",2026-04-19 22:30 IST,2026-04-19 22:30 IST,2026-04-19 22:30 IST,74706.0,74491.5,75154.236,0.2871,100.0,28.71,60.0,FILLED_TP,2.0897,N/A,2663.6029,1598.1617,4261.7646,149.3208,11.9457,77.6468,226.9676,2026-04
57,BTCUSD,LONG,"[73394.50, 74163.50]",2026-04-20 03:30 IST,2026-04-20 03:30 IST,2026-04-20 06:30 IST,73971.25,73394.5,74415.0775,0.7797,44.89,35.0,26.93,FILLED_TP,0.7695,N/A,4261.7646,1147.8473,5409.6118,226.9676,8.1507,52.9798,279.9474,2026-04
58,BTCUSD,SHORT,"[75504.50, 76199.00]",2026-04-20 20:30 IST,2026-04-20 20:30 IST,2026-04-20 20:30 IST,75678.125,76199.0,75224.0562,0.6883,50.85,35.0,30.51,FILLED_TP,0.8717,N/A,5409.6118,1650.5255,7060.1374,279.9474,11.3886,74.0261,353.9735,2026-04
59,BTCUSD,LONG,"[75436.00, 75680.00]",2026-04-21 19:30 IST,2026-04-21 19:30 IST,2026-04-21 19:30 IST,75619.0,75436.0,76072.714,0.242,100.0,24.2,60.0,FILLED_TP,2.4793,N/A,7060.1374,4236.0824,11296.2198,353.9735,28.3179,184.0662,538.0397,2026-04
60,BTCUSD,SHORT,"[76025.00, 76859.50]",2026-04-22 04:30 IST,2026-04-22 04:30 IST,2026-04-22 04:30 IST,76233.625,76859.5,75776.2232,0.821,42.63,35.0,25.58,FILLED_TP,0.7308,N/A,11296.2198,2889.4248,14185.6446,538.0397,18.3498,119.2737,657.3134,2026-04
61,BTCUSD,SHORT,"[77993.00, 78300.00]",2026-04-23 19:30 IST,2026-04-23 19:30 IST,2026-04-23 19:30 IST,78069.75,78300.0,77601.3315,0.2949,100.0,29.49,60.0,FILLED_TP,2.0344,N/A,14185.6446,8511.3868,22697.0314,657.3134,52.5851,341.803,999.1164,2026-04
62,BTCUSD,LONG,"[76805.00, 77678.50]",2026-04-23 23:30 IST,2026-04-24 09:30 IST,2026-04-24 10:30 IST,77460.125,76805.0,77924.8858,0.8458,41.38,35.0,24.83,FILLED_TP,0.7094,N/A,22697.0314,5635.6287,28332.6601,999.1164,33.0772,215.0015,1214.1179,2026-04
63,BTCUSD,LONG,"[77400.00, 77536.00]",2026-04-25 17:30 IST,2026-04-25 17:30 IST,2026-04-25 20:30 IST,77502.0,77400.0,77967.012,0.1316,100.0,13.16,60.0,FILLED_SL,-1.0,CONSOLIDATION_REVERSAL,28332.6601,-3728.8474,24603.8126,1214.1179,97.1294,-256.9189,957.199,2026-04
64,BTCUSD,SHORT,"[77672.50, 77848.50]",2026-04-26 09:30 IST,2026-04-26 09:30 IST,2026-04-26 10:30 IST,77716.5,77848.5,77250.201,0.1698,100.0,16.98,60.0,FILLED_SL,-1.0,CONSOLIDATION_REVERSAL,24603.8126,-4178.9109,20424.9018,957.199,76.5759,-239.1544,718.0447,2026-04
65,BTCUSD,SHORT,"[77870.00, 78433.00]",2026-04-26 18:30 IST,2026-04-26 19:30 IST,2026-04-27 00:30 IST,78010.75,78433.0,77542.6855,0.5413,64.66,35.0,38.8,FILLED_SL,-1.0,CONSOLIDATION_REVERSAL,20424.9018,-7148.7156,13276.1862,718.0447,37.1445,-288.4601,429.5846,2026-04
66,BTCUSD,SHORT,"[77171.00, 77450.00]",2026-04-29 09:30 IST,2026-04-29 09:30 IST,2026-04-29 14:30 IST,77240.75,77450.0,76777.3055,0.2709,100.0,27.09,60.0,FILLED_SL,-1.0,CONSOLIDATION_REVERSAL,13276.1862,-3596.6015,9679.5847,429.5846,34.3668,-150.7439,278.8407,2026-04
67,BTCUSD,LONG,"[75637.50, 76177.50]",2026-04-29 20:30 IST,2026-04-29 20:30 IST,2026-04-29 20:30 IST,76042.5,75637.5,76498.755,0.5326,65.72,35.0,39.43,FILLED_TP,1.1266,N/A,9679.5847,3816.6065,13496.1911,278.8407,14.6594,95.2859,374.1266,2026-04
68,BTCUSD,LONG,"[77991.00, 78200.50]",2026-05-03 06:30 IST,2026-05-03 06:30 IST,2026-05-03 16:30 IST,78148.125,77991.0,78617.0137,0.2011,100.0,20.11,60.0,FILLED_TP,2.9842,N/A,13496.1911,8097.7147,21593.9058,374.1266,29.9301,194.5458,568.6724,2026-05
69,BTCUSD,SHORT,"[78683.50, 79453.50]",2026-05-03 22:30 IST,2026-05-04 01:30 IST,2026-05-04 05:30 IST,78876.0,79453.5,78402.744,0.7322,47.8,35.0,28.68,FILLED_TP,0.8195,N/A,21593.9058,6193.6033,27787.5092,568.6724,21.7477,141.36,710.0324,2026-05
70,BTCUSD,SHORT,"[81266.00, 81745.00]",2026-05-06 06:30 IST,2026-05-06 06:30 IST,2026-05-06 13:30 IST,81385.75,81745.0,80897.4355,0.4414,79.29,35.0,47.57,FILLED_SL,-1.0,CONSOLIDATION_REVERSAL,27787.5092,-9725.6282,18061.881,710.0324,45.0389,-293.5503,416.4822,2026-05
71,BTCUSD,LONG,"[80686.00, 81225.50]",2026-05-07 05:30 IST,2026-05-07 05:30 IST,2026-05-07 09:30 IST,81090.625,80686.0,81577.1687,0.499,70.14,35.0,42.09,FILLED_SL,-1.0,CONSOLIDATION_REVERSAL,18061.881,-6321.6583,11740.2226,416.4822,23.3707,-169.1395,247.3427,2026-05
72,BTCUSD,SHORT,"[79809.50, 80335.00]",2026-05-08 13:30 IST,2026-05-08 13:30 IST,2026-05-08 17:30 IST,79940.875,80335.0,79461.2297,0.493,70.99,35.0,42.59,FILLED_SL,-1.0,CONSOLIDATION_REVERSAL,11740.2226,-4109.0779,7631.1447,247.3427,14.0473,-100.6172,146.7255,2026-05
73,BTCUSD,LONG,"[78876.00, 79428.50]",2026-05-14 16:30 IST,2026-05-14 16:30 IST,2026-05-14 18:30 IST,79290.375,78876.0,79766.1172,0.5226,66.97,35.0,40.18,FILLED_TP,1.1481,N/A,7631.1447,3066.4502,10697.5949,146.7255,7.8612,51.098,197.8235,2026-05
74,BTCUSD,LONG,"[77682.50, 78084.00]",2026-05-17 19:30 IST,2026-05-17 19:30 IST,2026-05-18 02:30 IST,77983.625,77682.5,78451.5268,0.3861,90.64,35.0,54.38,FILLED_TP,1.5538,N/A,10697.5949,5817.8437,16515.4385,197.8235,14.3447,93.2408,291.0642,2026-05
75,BTCUSD,SHORT,"[76932.00, 77295.00]",2026-05-20 01:30 IST,2026-05-20 10:30 IST,2026-05-20 10:30 IST,77022.75,77295.0,76560.6135,0.3535,99.02,35.0,59.41,FILLED_SL,-1.0,INSTANT_BLOWTHROUGH,16515.4385,-5780.4035,10735.035,291.0642,23.0567,-124.9292,166.135,2026-05
76,BTCUSD,SHORT,"[77243.50, 77758.50]",2026-05-20 16:30 IST,2026-05-20 16:30 IST,2026-05-20 19:30 IST,77372.25,77758.5,76908.0165,0.4992,70.11,35.0,42.07,FILLED_TP,1.2019,N/A,10735.035,4515.8499,15250.8849,166.135,9.3183,60.5688,226.7038,2026-05
77,BTCUSD,LONG,"[76975.00, 77530.50]",2026-05-21 15:30 IST,2026-05-21 15:30 IST,2026-05-21 18:30 IST,77391.625,76975.0,77855.9747,0.5383,65.02,35.0,39.01,FILLED_SL,-1.0,CONSOLIDATION_REVERSAL,15250.8849,-5337.8097,9913.0752,226.7038,11.7914,-91.1377,135.5661,2026-05
78,BTCUSD,SHORT,"[76888.50, 77522.50]",2026-05-25 04:30 IST,2026-05-25 04:30 IST,2026-05-25 11:30 IST,77047.0,77522.5,76584.718,0.6172,56.71,35.0,34.03,FILLED_SL,-1.0,CONSOLIDATION_REVERSAL,9913.0752,-3469.5763,6443.4989,135.5661,6.1506,-53.5987,81.9674,2026-05
79,BTCUSD,LONG,"[76060.00, 76721.00]",2026-05-26 06:30 IST,2026-05-26 06:30 IST,2026-05-26 11:30 IST,76555.75,76060.0,77015.0845,0.6476,54.05,35.0,32.43,FILLED_TP,0.9265,N/A,6443.4989,2089.5662,8533.0651,81.9674,3.5442,23.0371,105.0045,2026-05
80,BTCUSD,LONG,"[73758.00, 73979.00]",2026-05-31 12:30 IST,2026-05-31 12:30 IST,2026-05-31 15:30 IST,73923.75,73758.0,74367.2925,0.2242,100.0,22.42,60.0,FILLED_SL,-1.0,CONSOLIDATION_REVERSAL,8533.0651,-1913.2627,6619.8024,105.0045,8.4004,-31.9442,73.0603,2026-05
81,BTCUSD,SHORT,"[73627.00, 74078.00]",2026-06-01 07:30 IST,2026-06-01 07:30 IST,2026-06-01 07:30 IST,73739.75,74078.0,73297.3115,0.4587,76.3,35.0,45.78,FILLED_TP,1.308,N/A,6619.8024,3030.5969,9650.3993,73.0603,4.4597,28.9879,102.0482,2026-06
82,BTCUSD,SHORT,"[63514.50, 64154.00]",2026-06-05 09:30 IST,2026-06-08 03:30 IST,2026-06-08 03:30 IST,63674.375,64154.0,63292.3288,0.7532,46.47,35.0,27.88,FILLED_SL,-1.0,DUAL_TOUCH_AMBIGUITY,9650.3993,-3377.6398,6272.7596,102.0482,3.7934,-39.5102,62.5379,2026-06
83,BTCUSD,LONG,"[60706.00, 61403.00]",2026-06-11 02:30 IST,2026-06-11 02:30 IST,2026-06-11 02:30 IST,61228.75,60706.0,61596.1225,0.8538,40.99,35.0,24.6,FILLED_TP,0.7028,N/A,6272.7596,1542.9054,7815.6649,62.5379,2.051,13.3314,75.8694,2026-06
84,BTCUSD,LONG,"[62495.00, 63180.50]",2026-06-12 11:30 IST,2026-06-12 11:30 IST,2026-06-12 11:30 IST,63009.125,62495.0,63387.1798,0.816,42.89,35.0,25.74,FILLED_TP,0.7353,N/A,7815.6649,2011.4996,9827.1645,75.8694,2.6035,16.9228,92.7922,2026-06
85,BTCUSD,SHORT,"[63399.00, 63850.00]",2026-06-12 13:30 IST,2026-06-12 13:30 IST,2026-06-12 13:30 IST,63511.75,63850.0,63130.6795,0.5326,65.72,35.0,39.43,FILLED_TP,1.1266,N/A,9827.1645,3874.9294,13702.0939,92.7922,4.8785,31.7102,124.5024,2026-06
86,BTCUSD,LONG,"[63883.50, 64283.00]",2026-06-14 11:30 IST,2026-06-14 19:30 IST,2026-06-14 19:30 IST,64183.125,63883.5,64568.2237,0.4668,74.97,35.0,44.98,FILLED_SL,-1.0,INSTANT_BLOWTHROUGH,13702.0939,-4795.7329,8906.3611,124.5024,7.4676,-51.0434,73.459,2026-06
87,BTCUSD,LONG,"[65400.00, 65995.00]",2026-06-16 07:30 IST,2026-06-16 07:30 IST,2026-06-16 07:30 IST,65846.25,65400.0,66241.3275,0.6777,51.64,35.0,30.99,FILLED_TP,0.8853,N/A,8906.3611,2759.767,11666.128,73.459,3.035,19.7274,93.1863,2026-06
88,BTCUSD,SHORT,"[64435.00, 64786.50]",2026-06-18 12:30 IST,2026-06-18 13:30 IST,2026-06-18 15:30 IST,64522.875,64786.5,64135.7378,0.4086,85.66,35.0,51.4,FILLED_TP,1.4685,N/A,11666.128,5996.1591,17662.2871,93.1863,6.3861,41.5098,134.6962,2026-06
89,BTCUSD,LONG,"[62636.00, 63401.00]",2026-06-20 07:30 IST,2026-06-20 19:30 IST,2026-06-20 19:30 IST,63209.75,62636.0,63589.0085,0.9077,38.56,35.0,23.14,FILLED_TP,0.661,N/A,17662.2871,4086.2752,21748.5623,134.6962,4.155,27.0077,161.7039,2026-06
90,BTCUSD,LONG,"[63694.00, 64021.00]",2026-06-21 13:30 IST,2026-06-21 13:30 IST,2026-06-21 15:30 IST,63939.25,63694.0,64322.8855,0.3836,91.25,35.0,54.75,FILLED_TP,1.5643,N/A,21748.5623,11907.165,33655.7273,161.7039,11.8042,76.7274,238.4313,2026-06
91,BTCUSD,LONG,"[62081.00, 62427.50]",2026-06-24 15:30 IST,2026-06-24 16:30 IST,2026-06-24 16:30 IST,62340.875,62081.0,62714.9203,0.4169,83.96,35.0,50.38,FILLED_TP,1.4393,N/A,33655.7273,16954.5656,50610.2928,238.4313,16.0151,104.0981,342.5294,2026-06
92,BTCUSD,LONG,"[57611.50, 58343.50]",2026-06-25 18:30 IST,2026-06-25 18:30 IST,2026-06-25 18:30 IST,58160.5,57611.5,58509.463,0.9439,37.08,35.0,22.25,FILLED_TP,0.6356,N/A,50610.2928,11259.3659,61869.6587,342.5294,10.1604,66.0427,408.5721,2026-06
93,BTCUSD,SHORT,"[59434.00, 60234.00]",2026-06-26 08:30 IST,2026-06-26 08:30 IST,2026-06-26 08:30 IST,59634.0,60234.0,59276.196,1.0061,34.79,35.0,20.87,FILLED_TP,0.5963,N/A,61869.6587,12913.3733,74783.032,408.5721,11.3702,73.9065,482.4787,2026-06
94,BTCUSD,LONG,"[59206.50, 59767.50]",2026-06-26 14:30 IST,2026-06-26 14:30 IST,2026-06-26 14:30 IST,59627.25,59206.5,59985.0135,0.7056,49.6,35.0,29.76,FILLED_TP,0.8503,N/A,74783.032,22255.7902,97038.8223,482.4787,19.1451,124.4429,606.9216,2026-06
95,BTCUSD,LONG,"[59721.50, 60119.00]",2026-06-28 18:30 IST,2026-06-28 18:30 IST,2026-06-28 21:30 IST,60019.625,59721.5,60379.7427,0.4967,70.46,35.0,42.28,FILLED_SL,-1.0,CONSOLIDATION_REVERSAL,97038.8223,-33963.5878,63075.2345,606.9216,34.2126,-246.6351,360.2865,2026-06
96,BTCUSD,LONG,"[58993.50, 59688.00]",2026-06-30 08:30 IST,2026-06-30 09:30 IST,2026-06-30 17:30 IST,59514.375,58993.5,59871.4613,0.8752,39.99,35.0,23.99,FILLED_SL,-1.0,CONSOLIDATION_REVERSAL,63075.2345,-22076.3321,40998.9024,360.2865,11.5264,-137.6267,222.6598,2026-06
97,BTCUSD,SHORT,"[59876.00, 60673.50]",2026-07-02 00:30 IST,2026-07-02 00:30 IST,2026-07-02 02:30 IST,60075.375,60673.5,59714.9227,0.9956,35.15,35.0,21.09,FILLED_SL,-1.0,CONSOLIDATION_REVERSAL,40998.9024,-14349.6158,26649.2866,222.6598,6.2619,-84.1928,138.467,2026-07
98,BTCUSD,LONG,"[59768.00, 60225.00]",2026-07-02 04:30 IST,2026-07-02 04:30 IST,2026-07-02 05:30 IST,60110.75,59768.0,60471.4145,0.5702,61.38,35.0,36.83,FILLED_SL,-1.0,CONSOLIDATION_REVERSAL,26649.2866,-9327.2503,17322.0363,138.467,6.7995,-55.263,83.204,2026-07
99,BTCUSD,SHORT,"[60098.50, 60835.00]",2026-07-02 06:30 IST,2026-07-02 06:30 IST,2026-07-02 06:30 IST,60282.625,60835.0,59920.9293,0.9163,38.2,35.0,22.92,FILLED_TP,0.6548,N/A,17322.0363,3969.8709,21291.9071,83.204,2.5425,16.5262,99.7302,2026-07
100,BTCUSD,LONG,"[62575.00, 62803.00]",2026-07-06 14:30 IST,2026-07-06 14:30 IST,2026-07-06 16:30 IST,62746.0,62575.0,63122.476,0.2725,100.0,27.25,60.0,FILLED_SL,-1.0,CONSOLIDATION_REVERSAL,21291.9071,-5802.6267,15489.2805,99.7302,7.9784,-35.1576,64.5726,2026-07
101,BTCUSD,LONG,"[62314.00, 62545.50]",2026-07-06 16:30 IST,2026-07-06 16:30 IST,2026-07-06 16:30 IST,62487.625,62314.0,62862.5508,0.2779,100.0,27.79,60.0,FILLED_TP,2.1594,N/A,15489.2805,9293.5683,24782.8488,64.5726,5.1658,33.5778,98.1504,2026-07
102,BTCUSD,SHORT,"[63548.50, 63991.50]",2026-07-06 21:30 IST,2026-07-06 21:30 IST,2026-07-07 02:30 IST,63659.25,63991.5,63277.2945,0.5219,67.06,35.0,40.24,FILLED_SL,-1.0,CONSOLIDATION_REVERSAL,24782.8488,-8673.9971,16108.8517,98.1504,5.2656,-39.6182,58.5322,2026-07
103,BTCUSD,LONG,"[61303.50, 62029.50]",2026-07-08 19:30 IST,2026-07-08 19:30 IST,2026-07-08 22:30 IST,61848.0,61303.5,62219.088,0.8804,39.76,35.0,23.85,FILLED_TP,0.6815,N/A,16108.8517,3842.4803,19951.332,58.5322,1.8616,12.1002,70.6324,2026-07
104,BTCUSD,LONG,"[62434.50, 62939.00]",2026-07-13 15:30 IST,2026-07-13 17:30 IST,2026-07-13 18:30 IST,62812.875,62434.5,63189.7522,0.6024,58.1,35.0,34.86,FILLED_SL,-1.0,CONSOLIDATION_REVERSAL,19951.332,-6982.9662,12968.3658,70.6324,3.2831,-28.0045,42.6279,2026-07
105,BTCUSD,LONG,"[61672.50, 62105.50]",2026-07-14 03:30 IST,2026-07-14 03:30 IST,2026-07-14 05:30 IST,61997.25,61672.5,62369.2335,0.5238,66.82,35.0,40.09,FILLED_TP,1.1454,N/A,12968.3658,5199.0957,18167.4615,42.6279,2.2786,14.8111,57.4391,2026-07
106,BTCUSD,LONG,"[64284.00, 64710.50]",2026-07-15 06:30 IST,2026-07-15 07:30 IST,2026-07-15 11:30 IST,64603.875,64284.0,64991.4982,0.4951,70.69,35.0,42.41,FILLED_TP,1.2118,N/A,18167.4615,7705.3401,25872.8017,57.4391,3.2482,21.1133,78.5524,2026-07
107,BTCUSD,SHORT,"[64810.00, 65603.00]",2026-07-15 22:30 IST,2026-07-15 22:30 IST,2026-07-16 05:30 IST,65008.25,65603.0,64618.2005,0.9149,38.26,35.0,22.95,FILLED_TP,0.6558,N/A,25872.8017,5938.7737,31811.5754,78.5524,2.4041,15.6266,94.179,2026-07
108,BTCUSD,SHORT,"[64580.50, 64981.00]",2026-07-16 20:30 IST,2026-07-16 20:30 IST,2026-07-16 20:30 IST,64680.625,64981.0,64292.5413,0.4644,75.37,35.0,45.22,FILLED_TP,1.292,N/A,31811.5754,14385.1666,46196.742,94.179,5.6784,36.9093,131.0883,2026-07
109,BTCUSD,SHORT,"[64292.00, 64881.50]",2026-07-18 22:30 IST,2026-07-18 22:30 IST,2026-07-19 05:30 IST,64439.375,64881.5,64052.7387,0.6861,51.01,35.0,30.61,FILLED_SL,-1.0,CONSOLIDATION_REVERSAL,46196.742,-16168.8597,30027.8823,131.0883,5.3497,-51.2306,79.8577,2026-07
110,BTCUSD,SHORT,"[64120.00, 64273.50]",2026-07-25 18:30 IST,2026-07-25 18:30 IST,2026-07-25 22:30 IST,64158.375,64273.5,63773.4247,0.1794,100.0,17.94,60.0,FILLED_SL,-1.0,CONSOLIDATION_REVERSAL,30027.8823,-5388.1663,24639.716,79.8577,6.3886,-20.7182,59.1395,2026-07
111,BTCUSD,LONG,"[64239.00, 64407.00]",2026-07-26 10:30 IST,2026-07-26 11:30 IST,2026-07-26 19:30 IST,64365.0,64239.0,64751.19,0.1958,100.0,19.58,60.0,FILLED_TP,3.065,N/A,24639.716,14783.8296,39423.5456,59.1395,4.7312,30.7526,89.8921,2026-07
112,BTCUSD,LONG,"[63576.00, 63956.50]",2026-07-29 20:30 IST,2026-07-29 20:30 IST,2026-07-29 22:30 IST,63861.375,63576.0,64244.5433,0.4469,78.32,35.0,46.99,FILLED_TP,1.3427,N/A,39423.5456,18526.6678,57950.2134,89.8921,5.6325,36.6113,126.5034,2026-07
113,BTCUSD,LONG,"[62245.00, 62717.50]",2026-08-03 17:30 IST,2026-08-03 17:30 IST,2026-08-03 18:30 IST,62599.375,62245.0,62974.9713,0.5661,61.83,35.0,37.1,FILLED_TP,1.0599,N/A,57950.2134,21497.1682,79447.3817,126.5034,6.257,40.6706,167.174,2026-08
114,BTCUSD,SHORT,"[64701.50, 64978.00]",2026-08-06 19:30 IST,2026-08-06 19:30 IST,2026-08-06 19:30 IST,64770.625,64978.0,64382.0013,0.3202,100.0,32.02,60.0,FILLED_TP,1.874,N/A,79447.3817,47668.429,127115.8107,167.174,13.3739,86.9305,254.1045,2026-08
115,BTCUSD,LONG,"[63852.50, 64393.50]",2026-08-07 03:30 IST,2026-08-07 04:30 IST,2026-08-07 13:30 IST,64258.25,63852.5,64643.7995,0.6314,55.43,35.0,33.26,FILLED_TP,0.9502,N/A,127115.8107,42275.5466,169391.3573,254.1045,11.2678,73.241,327.3455,2026-08
116,BTCUSD,LONG,"[64889.50, 65053.50]",2026-08-08 23:30 IST,2026-08-08 23:30 IST,2026-08-09 06:30 IST,65012.5,64889.5,65402.575,0.1892,100.0,18.92,60.0,FILLED_SL,-1.0,CONSOLIDATION_REVERSAL,169391.3573,-32047.8938,137343.4635,327.3455,26.1876,-88.1196,239.2259,2026-08
117,BTCUSD,LONG,"[63434.50, 63825.50]",2026-08-11 19:30 IST,2026-08-11 19:30 IST,2026-08-11 19:30 IST,63727.75,63434.5,64110.1165,0.4602,76.06,35.0,45.64,FILLED_TP,1.3039,N/A,137343.4635,62678.3932,200021.8567,239.2259,14.5565,94.6172,333.8431,2026-08
118,BTCUSD,LONG,"[63584.50, 63818.00]",2026-08-12 18:30 IST,2026-08-12 19:30 IST,2026-08-12 19:30 IST,63759.625,63584.5,64142.1827,0.2747,100.0,27.47,60.0,FILLED_SL,-1.0,INSTANT_BLOWTHROUGH,200021.8567,-54938.8859,145082.9707,333.8431,26.7075,-118.4023,215.4409,2026-08
119,BTCUSD,LONG,"[63003.50, 63103.50]",2026-08-16 04:30 IST,2026-08-16 04:30 IST,2026-08-16 06:30 IST,63078.5,63003.5,63456.971,0.1189,100.0,11.89,60.0,FILLED_SL,-1.0,CONSOLIDATION_REVERSAL,145082.9707,-17250.2878,127832.6829,215.4409,17.2353,-42.8511,172.5898,2026-08
120,BTCUSD,SHORT,"[62994.50, 63139.00]",2026-08-16 18:30 IST,2026-08-16 18:30 IST,2026-08-16 21:30 IST,63030.625,63139.0,62652.4412,0.1719,100.0,17.19,60.0,FILLED_SL,-1.0,CONSOLIDATION_REVERSAL,127832.6829,-21979.5806,105853.1023,172.5898,13.8072,-43.4823,129.1075,2026-08
121,BTCUSD,SHORT,"[63451.50, 63620.00]",2026-08-17 09:30 IST,2026-08-17 09:30 IST,2026-08-17 11:30 IST,63493.625,63620.0,63112.6632,0.199,100.0,19.9,60.0,FILLED_SL,-1.0,CONSOLIDATION_REVERSAL,105853.1023,-21068.5495,84784.5528,129.1075,10.3286,-36.0256,93.0819,2026-08
122,BTCUSD,LONG,"[64008.00, 64268.50]",2026-08-19 10:30 IST,2026-08-19 11:30 IST,2026-08-19 17:30 IST,64203.375,64008.0,64588.5952,0.3043,100.0,30.43,60.0,FILLED_TP,1.9717,N/A,84784.5528,50870.7317,135655.2845,93.0819,7.4466,48.4026,141.4845,2026-08
123,BTCUSD,SHORT,"[77177.00, 77432.00]",2026-08-23 16:30 IST,2026-08-23 16:30 IST,2026-08-23 16:30 IST,77240.75,77432.0,76777.3055,0.2476,100.0,24.76,60.0,FILLED_TP,2.4232,N/A,135655.2845,81393.1707,217048.4553,141.4845,11.3188,73.5719,215.0564,2026-08
124,BTCUSD,SHORT,"[77402.50, 78030.00]",2026-08-24 07:30 IST,2026-08-24 12:30 IST,2026-08-24 13:30 IST,77559.375,78030.0,77094.0188,0.6068,57.68,35.0,34.61,FILLED_TP,0.9888,N/A,217048.4553,75116.4926,292164.9479,215.0564,9.9236,64.5035,279.5598,2026-08
125,BTCUSD,LONG,"[78432.50, 79169.00]",2026-08-25 14:30 IST,2026-08-25 14:30 IST,2026-08-25 14:30 IST,78984.875,78432.5,79458.7842,0.6993,50.05,35.0,30.03,FILLED_TP,0.8579,N/A,292164.9479,87731.8578,379896.8057,279.5598,11.1929,72.7539,352.3137,2026-08
